,Region,Wheat Tonnes,Wheat Hectares,Barley Tonnes,Barley Hectares,Maize grain Tonnes,Maize grain Hectares,Year,September Total Rainfall (mm),October Total Rainfall (mm),November Total Rainfall (mm),December Total Rainfall (mm),January Total Rainfall (mm),February Total Rainfall (mm),March Total Rainfall (mm),April Total Rainfall (mm),May Total Rainfall (mm),June Total Rainfall (mm),July Total Rainfall (mm),August Total Rainfall (mm),September Wet Day - 1mm or more of Rain (day),October Wet Day - 1mm or more of Rain (day),November Wet Day - 1mm or more of Rain (day),December Wet Day - 1mm or more of Rain (day),January Wet Day - 1mm or more of Rain (day),February Wet Day - 1mm or more of Rain (day),March Wet Day - 1mm or more of Rain (day),April Wet Day - 1mm or more of Rain (day),May Wet Day - 1mm or more of Rain (day),June Wet Day - 1mm or more of Rain (day),July Wet Day - 1mm or more of Rain (day),August Wet Day - 1mm or more of Rain (day),September Mean Air Temperature (Celsius),October Mean Air Temperature (Celsius),November Mean Air Temperature (Celsius),December Mean Air Temperature (Celsius),January Mean Air Temperature (Celsius),February Mean Air Temperature (Celsius),March Mean Air Temperature (Celsius),April Mean Air Temperature (Celsius),May Mean Air Temperature (Celsius),June Mean Air Temperature (Celsius),July Mean Air Temperature (Celsius),August Mean Air Temperature (Celsius),September Total Sunshine (hrs),October Total Sunshine (hrs),November Total Sunshine (hrs),December Total Sunshine (hrs),January Total Sunshine (hrs),February Total Sunshine (hrs),March Total Sunshine (hrs),April Total Sunshine (hrs),May Total Sunshine (hrs),June Total Sunshine (hrs),July Total Sunshine (hrs),August Total Sunshine (hrs),September 10cm Mean Earth Temp (Celsius),October 10cm Mean Earth Temp (Celsius),November 10cm Mean Earth Temp (Celsius),December 10cm Mean Earth Temp (Celsius),January 10cm Mean Earth Temp (Celsius),February 10cm Mean Earth Temp (Celsius),March 10cm Mean Earth Temp (Celsius),April 10cm Mean Earth Temp (Celsius),May 10cm Mean Earth Temp (Celsius),June 10cm Mean Earth Temp (Celsius),July 10cm Mean Earth Temp (Celsius),August 10cm Mean Earth Temp (Celsius),September 20cm Mean Earth Temp (Celsius),October 20cm Mean Earth Temp (Celsius),November 20cm Mean Earth Temp (Celsius),December 20cm Mean Earth Temp (Celsius),January 20cm Mean Earth Temp (Celsius),February 20cm Mean Earth Temp (Celsius),March 20cm Mean Earth Temp (Celsius),April 20cm Mean Earth Temp (Celsius),May 20cm Mean Earth Temp (Celsius),June 20cm Mean Earth Temp (Celsius),July 20cm Mean Earth Temp (Celsius),August 20cm Mean Earth Temp (Celsius),September 100cm Mean Earth Temp (Celsius),October 100cm Mean Earth Temp (Celsius),November 100cm Mean Earth Temp (Celsius),December 100cm Mean Earth Temp (Celsius),January 100cm Mean Earth Temp (Celsius),February 100cm Mean Earth Temp (Celsius),March 100cm Mean Earth Temp (Celsius),April 100cm Mean Earth Temp (Celsius),May 100cm Mean Earth Temp (Celsius),June 100cm Mean Earth Temp (Celsius),July 100cm Mean Earth Temp (Celsius),August 100cm Mean Earth Temp (Celsius),September Mean Vapour Pressure (Hpa),October Mean Vapour Pressure (Hpa),November Mean Vapour Pressure (Hpa),December Mean Vapour Pressure (Hpa),January Mean Vapour Pressure (Hpa),February Mean Vapour Pressure (Hpa),March Mean Vapour Pressure (Hpa),April Mean Vapour Pressure (Hpa),May Mean Vapour Pressure (Hpa),June Mean Vapour Pressure (Hpa),July Mean Vapour Pressure (Hpa),August Mean Vapour Pressure (Hpa),September Mean Wind Speed (M/Sec),October Mean Wind Speed (M/Sec),November Mean Wind Speed (M/Sec),December Mean Wind Speed (M/Sec),January Mean Wind Speed (M/Sec),February Mean Wind Speed (M/Sec),March Mean Wind Speed (M/Sec),April Mean Wind Speed (M/Sec),May Mean Wind Speed (M/Sec),June Mean Wind Speed (M/Sec),July Mean Wind Speed (M/Sec),August Mean Wind Speed (M/Sec),September Mean 50cm Earth Temp (Celsius),October Mean 50cm Earth Temp (Celsius),November Mean 50cm Earth Temp (Celsius),December Mean 50cm Earth Temp (Celsius),January Mean 50cm Earth Temp (Celsius),February Mean 50cm Earth Temp (Celsius),March Mean 50cm Earth Temp (Celsius),April Mean 50cm Earth Temp (Celsius),May Mean 50cm Earth Temp (Celsius),June Mean 50cm Earth Temp (Celsius),July Mean 50cm Earth Temp (Celsius),August Mean 50cm Earth Temp (Celsius),September Mean of 9am Relative Humidity (%),October Mean of 9am Relative Humidity (%),November Mean of 9am Relative Humidity (%),December Mean of 9am Relative Humidity (%),January Mean of 9am Relative Humidity (%),February Mean of 9am Relative Humidity (%),March Mean of 9am Relative Humidity (%),April Mean of 9am Relative Humidity (%),May Mean of 9am Relative Humidity (%),June Mean of 9am Relative Humidity (%),July Mean of 9am Relative Humidity (%),August Mean of 9am Relative Humidity (%),September Mean Soil Moisture (%),October Mean Soil Moisture (%),November Mean Soil Moisture (%),December Mean Soil Moisture (%),January Mean Soil Moisture (%),February Mean Soil Moisture (%),March Mean Soil Moisture (%),April Mean Soil Moisture (%),May Mean Soil Moisture (%),June Mean Soil Moisture (%),July Mean Soil Moisture (%),August Mean Soil Moisture (%),time_step,AMN_soil_type,Bulk_density_soil_type,TotalC_soil_type,TotalN_soil_type,AMN_trace_element,Bulk_density_trace_element,TotalC_trace_element,TotalN_trace_element,AMN_value,Bulk_density_value,TotalC_value,TotalN_value,AMN_target_min,Bulk_density_target_min,TotalC_target_min,TotalN_target_min,Bulk_density_target_max,TotalN_target_max,AMN_meets_target_min,Bulk_density_meets_target_min,TotalC_meets_target_min,TotalN_meets_target_min,Bulk_density_meets_target_max,TotalN_meets_target_max,AMN_within_target_range,Bulk_density_within_target_range,TotalC_within_target_range,TotalN_within_target_range
8,Auckland,0.0,0.0,600.0,200.0,3400.0,300.0,2019,122.8,75.4,56.4,55.6,36.4,22.0,56.8,65.4,55.6,65.6,139.6,168.0,14.0,13.0,8.0,7.0,3.0,2.0,7.0,9.0,8.0,11.0,15.0,22.0,13.3,14.7,17.5,19.2,21.2,20.5,19.9,15.7,15.0,11.7,11.9,12.2,180.7,188.6,266.2,260.0,287.9,251.8,222.6,212.3,157.4,160.8,160.9,157.6,12.8,14.5,18.1,20.4,21.9,21.2,19.4,15.9,14.0,10.7,10.4,10.9,13.3,15.2,18.6,21.0,22.4,22.3,20.7,17.0,14.9,12.0,11.4,11.6,14.3,15.3,17.0,19.4,20.5,21.8,21.3,19.8,17.7,15.9,14.4,13.8,12.0,12.8,14.9,16.1,18.4,17.4,18.2,14.0,14.2,11.4,12.2,11.4,3.9,4.2,3.5,3.7,3.5,3.0,2.5,2.4,2.6,2.5,2.5,3.9,14.3,15.8,18.5,21.1,22.4,23.2,21.9,19.1,16.7,14.4,13.1,12.9,76.7,77.0,76.0,73.5,75.4,75.4,85.5,79.3,86.1,85.2,90.7,79.7,0.0,0.0,0.0,0.0,0.0,0.0,0.0,0.0,0.0,0.0,0.0,0.0,2014 - 2018,Recent,Recent,Recent,Recent,False,False,False,False,133.6062358,0.976666667,3.453214449,0.325620047,50.0,0.7,2.0,0.25,1.4,0.7,True,True,True,True,True,True,False,True,False,True
9,Auckland,0.0,0.0,1000.0,200.0,2400.0,300.0,2020,43.4,33.0,96.6,25.6,8.4,12.4,27.2,24.8,97.8,139.6,94.2,115.8,6.0,4.0,10.0,4.0,2.0,2.0,10.0,5.0,10.0,12.0,13.0,17.0,13.1,15.7,17.3,18.6,19.7,21.2,18.5,16.3,13.9,13.2,11.6,12.4,186.9,210.7,212.8,256.1,278.4,269.8,211.4,202.9,153.7,132.7,117.7,154.3,12.4,15.4,17.9,19.8,21.8,22.7,18.2,16.4,13.1,11.7,10.1,10.8,13.1,16.0,18.6,20.6,22.5,23.7,19.8,17.1,14.1,12.9,11.2,11.8,14.2,15.4,17.6,19.2,20.5,22.6,21.8,19.8,17.7,16.0,14.5,14.0,12.1,14.5,15.0,15.1,16.4,17.7,15.8,15.4,13.5,13.1,11.8,12.5,3.6,3.3,3.6,3.5,3.4,3.1,2.9,2.8,2.6,3.0,3.0,3.2,14.1,16.1,18.8,20.7,22.5,24.5,21.8,19.1,16.3,14.7,13.1,13.2,78.5,82.7,75.8,70.6,73.4,74.6,80.8,85.4,86.8,91.0,89.1,88.9,40.3,32.4,37.8,30.2,19.2,17.2,17.6,17.9,23.1,34.7,41.2,44.6,2014 - 2018,Recent,Recent,Recent,Recent,False,False,False,False,133.6062358,0.976666667,3.453214449,0.325620047,50.0,0.7,2.0,0.25,1.4,0.7,True,True,True,True,True,True,False,True,False,True
10,Auckland,0.0,0.0,2200.0,300.0,3800.0,300.0,2021,124.0,126.2,28.4,0.0,54.0,59.0,48.4,81.4,54.8,93.4,88.4,103.6,11.0,14.0,7.0,0.0,6.0,5.0,9.0,12.0,12.0,10.0,11.0,15.0,13.2,15.6,18.1,21.0,20.1,20.2,19.0,17.1,14.5,13.4,11.7,12.3,168.2,173.4,222.6,214.7,280.9,244.5,192.4,168.6,158.5,128.4,174.7,160.7,12.7,15.6,19.0,22.4,21.5,21.6,19.0,16.8,13.5,12.3,9.8,10.9,13.1,16.2,19.4,22.8,22.5,22.4,20.3,17.7,14.6,13.2,10.8,11.7,14.3,15.7,17.6,20.3,21.0,22.1,21.5,20.2,18.1,16.1,14.4,14.0,12.2,14.2,16.4,18.8,17.2,16.8,16.4,16.2,13.6,13.7,11.6,11.8,3.6,3.8,2.8,3.5,3.1,3.2,2.8,2.7,2.9,2.7,3.1,3.4,14.3,16.7,19.4,22.7,22.8,23.6,21.9,19.6,16.7,14.9,12.8,13.2,77.1,81.0,77.9,76.8,75.0,74.0,80.3,81.6,81.6,91.6,86.8,82.3,55.5,54.7,46.0,35.9,26.2,24.8,22.6,32.7,35.8,46.0,49.6,54.1,2014 - 2018,Recent,Recent,Recent,Recent,False,False,False,False,133.6062358,0.976666667,3.453214449,0.325620047,50.0,0.7,2.0,0.25,1.4,0.7,True,True,True,True,True,True,False,True,False,True
11,Auckland,0.0,0.0,400.0,100.0,8900.0,1000.0,2022,105.2,109.4,152.8,97.0,5.4,64.6,107.8,22.6,68.8,148.2,256.6,141.8,10.0,9.0,15.0,9.0,2.0,5.0,6.0,7.0,11.0,17.0,20.0,13.0,13.5,15.2,17.7,19.7,21.2,21.9,20.0,17.7,15.1,13.4,13.2,13.0,169.1,175.1,173.2,225.0,313.6,192.9,242.5,194.1,175.2,125.0,123.5,149.6,12.9,14.9,17.8,19.9,23.9,22.8,20.3,17.9,14.0,11.6,11.7,12.0,13.5,15.6,18.4,20.3,25.2,24.1,22.0,18.8,15.0,13.0,12.7,12.9,14.8,15.6,17.5,18.8,22.6,23.1,22.6,20.9,18.6,16.6,15.2,14.6,12.5,13.6,16.1,17.9,17.6,20.2,16.5,16.2,14.9,13.0,13.1,12.7,3.0,3.2,3.5,2.9,3.2,3.7,3.3,2.8,2.7,3.0,3.5,2.8,14.6,16.2,18.6,20.2,25.5,24.8,23.3,20.7,17.2,15.1,14.1,14.1,78.5,79.6,78.9,79.0,70.7,80.6,75.9,80.1,88.2,87.1,87.3,86.6,50.1,44.8,50.9,55.0,25.6,29.1,27.3,27.0,28.3,44.3,50.4,53.0,2014 - 2018,Recent,Recent,Recent,Recent,False,False,False,False,133.6062358,0.976666667,3.453214449,0.325620047,50.0,0.7,2.0,0.25,1.4,0.7,True,True,True,True,True,True,False,True,False,True
12,Auckland,0.0,0.0,0.0,0.0,5700.0,0.0,2023,127.8,53.4,65.8,111.4,478.4,189.6,36.6,95.4,232.0,119.2,104.0,58.6,16.0,13.0,10.0,10.0,18.0,11.0,6.0,9.0,16.0,15.0,14.0,11.0,14.0,15.3,16.7,19.6,20.1,20.1,18.2,17.7,15.8,12.4,12.4,10.8,177.5,174.5,228.1,165.0,145.1,189.1,258.8,150.0,124.5,155.6,137.0,180.4,13.4,14.9,16.7,19.3,20.7,20.3,18.6,17.3,15.3,11.8,11.7,10.5,13.7,15.3,17.0,19.4,21.4,21.1,19.9,17.7,15.9,12.7,12.3,11.2,13.9,15.2,16.6,18.0,20.5,20.8,20.5,19.4,18.1,15.9,14.6,13.5,13.3,13.4,14.4,17.9,18.8,19.0,16.9,16.2,15.9,12.1,11.8,10.9,3.8,3.7,3.1,3.3,3.9,3.6,2.5,3.5,3.6,2.7,3.8,2.4,14.0,15.6,17.3,19.3,21.6,21.5,20.8,19.0,17.2,14.4,13.5,12.5,82.1,78.9,74.8,79.0,81.2,85.3,85.7,77.7,89.1,87.2,82.7,84.8,63.8,55.1,46.3,39.1,54.4,56.3,46.5,51.0,64.0,63.8,65.1,64.8,2014 - 2018,Recent,Recent,Recent,Recent,False,False,False,False,133.6062358,0.976666667,3.453214449,0.325620047,50.0,0.7,2.0,0.25,1.4,0.7,True,True,True,True,True,True,False,True,False,True
14,Auckland,0.0,0.0,0.0,0.0,0.0,0.0,2024,0.0,0.0,0.0,0.0,21.0,34.8,67.4,77.4,0.0,0.0,0.0,0.0,0.0,0.0,0.0,0.0,4.0,6.0,12.0,11.0,0.0,0.0,0.0,0.0,0.0,0.0,0.0,0.0,21.4,20.3,17.6,16.7,0.0,0.0,0.0,0.0,0.0,0.0,0.0,0.0,277.3,259.5,210.4,178.4,0.0,0.0,0.0,0.0,0.0,0.0,0.0,0.0,21.0,19.8,18.2,17.1,0.0,0.0,0.0,0.0,0.0,0.0,0.0,0.0,21.4,20.6,19.2,17.8,0.0,0.0,0.0,0.0,0.0,0.0,0.0,0.0,20.0,20.6,20.3,19.4,0.0,0.0,0.0,0.0,0.0,0.0,0.0,0.0,18.6,17.7,15.4,15.9,0.0,0.0,0.0,0.0,0.0,0.0,0.0,0.0,3.1,2.8,3.0,2.8,0.0,0.0,0.0,0.0,0.0,0.0,0.0,0.0,21.4,21.3,20.3,19.0,0.0,0.0,0.0,0.0,0.0,0.0,0.0,0.0,73.6,76.6,78.7,83.3,0.0,0.0,0.0,0.0,0.0,0.0,0.0,0.0,36.7,28.4,38.0,44.5,0.0,0.0,0.0,0.0,2014 - 2018,Recent,Recent,Recent,Recent,False,False,False,False,133.6062358,0.976666667,3.453214449,0.325620047,50.0,0.7,2.0,0.25,1.4,0.7,True,True,True,True,True,True,False,True,False,True
15,Waikato,0.0,0.0,2000.0,400.0,37200.0,3300.0,2019,124.4,55.8,44.0,59.4,31.8,18.0,46.8,82.6,61.8,72.2,125.8,130.8,15.0,13.0,9.0,5.0,4.0,2.0,7.0,9.0,9.0,9.0,16.0,20.0,11.5,13.3,16.3,17.9,19.8,19.7,19.0,13.8,12.4,9.1,10.0,10.3,0.0,0.0,0.0,0.0,0.0,0.0,0.0,0.0,0.0,0.0,0.0,0.0,10.7,12.6,15.6,18.9,20.3,20.3,18.2,13.5,11.4,8.6,9.0,9.1,0.0,0.0,0.0,0.0,0.0,0.0,0.0,0.0,0.0,0.0,0.0,0.0,0.0,0.0,0.0,0.0,0.0,0.0,0.0,0.0,0.0,0.0,0.0,0.0,12.2,12.9,15.3,16.5,19.1,16.6,17.1,13.3,12.7,10.1,11.2,11.4,3.9,4.4,3.4,3.5,3.6,3.0,2.4,2.6,2.6,2.6,2.9,3.9,0.0,0.0,0.0,0.0,0.0,0.0,0.0,0.0,0.0,0.0,0.0,0.0,87.5,86.4,86.5,80.5,86.4,82.8,93.9,90.1,94.9,94.9,95.6,91.0,0.0,0.0,0.0,0.0,0.0,0.0,0.0,0.0,0.0,0.0,0.0,0.0,2014 - 2018,Allophanic,Allophanic,Allophanic,Allophanic,False,False,False,False,390.7407687,0.728666667,10.43460142,1.074549114,50.0,0.5,3.0,0.25,1.3,0.7,True,True,True,True,True,False,NO_TARGET_MAX,True,NO_TARGET_MAX,False
16,Waikato,1400.0,100.0,3000.0,500.0,25500.0,2500.0,2020,72.0,60.6,165.6,34.8,9.4,17.8,74.4,76.4,77.2,111.0,105.8,0.0,12.0,11.0,14.0,7.0,2.0,2.0,8.0,8.0,8.0,12.0,11.0,0.0,11.4,14.0,15.7,16.6,18.3,20.0,17.0,14.4,11.3,11.1,9.3,10.4,0.0,0.0,0.0,0.0,0.0,0.0,0.0,0.0,0.0,0.0,0.0,0.0,11.1,13.7,16.1,17.3,20.0,20.3,16.2,13.6,10.2,10.0,8.6,9.4,0.0,0.0,0.0,0.0,0.0,0.0,0.0,0.0,0.0,0.0,0.0,0.0,0.0,0.0,0.0,0.0,0.0,0.0,0.0,0.0,0.0,0.0,0.0,0.0,11.2,13.2,14.5,14.6,15.9,17.0,14.6,13.7,12.0,12.0,10.6,11.3,4.0,2.9,3.8,3.4,3.4,2.9,3.1,2.6,2.5,3.0,3.0,3.3,0.0,0.0,0.0,0.0,0.0,0.0,0.0,0.0,0.0,0.0,0.0,0.0,79.4,86.2,80.9,75.4,80.2,84.1,87.8,91.3,94.7,95.0,95.2,92.7,0.0,0.0,0.0,0.0,0.0,0.0,0.0,0.0,0.0,0.0,0.0,0.0,2014 - 2018,Allophanic,Allophanic,Allophanic,Allophanic,False,False,False,False,390.7407687,0.728666667,10.43460142,1.074549114,50.0,0.5,3.0,0.25,1.3,0.7,True,True,True,True,True,False,NO_TARGET_MAX,True,NO_TARGET_MAX,False
17,Waikato,0.0,0.0,3700.0,600.0,0.0,0.0,2021,177.6,115.0,69.8,78.4,76.6,41.6,172.2,64.8,69.4,126.8,104.2,143.4,12.0,14.0,7.0,8.0,9.0,4.0,9.0,10.0,12.0,16.0,9.0,13.0,11.1,14.2,17.2,19.3,18.2,19.1,17.4,14.8,11.8,11.0,8.9,9.8,0.0,0.0,0.0,0.0,0.0,0.0,0.0,0.0,0.0,0.0,0.0,0.0,10.0,13.0,16.8,19.0,19.0,19.3,16.6,14.1,10.5,9.8,7.1,8.1,0.0,0.0,0.0,0.0,0.0,0.0,0.0,0.0,0.0,0.0,0.0,0.0,0.0,0.0,0.0,0.0,0.0,0.0,0.0,0.0,0.0,0.0,0.0,0.0,11.4,13.7,15.8,18.0,16.7,15.4,14.8,14.6,11.9,11.8,10.0,10.3,3.6,3.7,3.3,3.2,2.9,2.9,2.7,2.6,3.0,2.8,3.1,3.2,0.0,0.0,0.0,0.0,0.0,0.0,0.0,0.0,0.0,0.0,0.0,0.0,84.4,85.9,82.2,80.6,83.7,80.0,84.1,91.1,89.8,93.4,92.5,87.5,0.0,0.0,0.0,0.0,0.0,0.0,0.0,0.0,0.0,0.0,0.0,0.0,2014 - 2018,Allophanic,Allophanic,Allophanic,Allophanic,False,False,False,False,390.7407687,0.728666667,10.43460142,1.074549114,50.0,0.5,3.0,0.25,1.3,0.7,True,True,True,True,True,False,NO_TARGET_MAX,True,NO_TARGET_MAX,False
18,Waikato,0.0,0.0,1000.0,200.0,36400.0,3100.0,2022,162.4,174.2,201.6,103.6,5.6,91.2,67.0,23.4,180.4,205.0,228.6,0.0,12.0,9.0,16.0,13.0,1.0,4.0,3.0,5.0,11.0,17.0,21.0,0.0,11.5,13.7,16.4,18.6,19.8,20.8,18.4,15.3,12.6,10.9,10.9,10.7,0.0,0.0,0.0,0.0,0.0,0.0,0.0,0.0,0.0,0.0,0.0,0.0,10.6,12.8,15.7,18.1,21.0,20.6,17.8,14.7,11.7,10.4,9.9,9.7,0.0,0.0,0.0,0.0,0.0,0.0,0.0,0.0,0.0,0.0,0.0,0.0,0.0,0.0,0.0,0.0,0.0,0.0,0.0,0.0,0.0,0.0,0.0,0.0,11.7,12.5,15.7,17.2,16.6,18.2,15.0,14.3,13.1,11.4,11.7,11.2,3.1,3.2,3.7,3.1,2.9,3.2,3.2,2.8,2.9,3.2,3.6,2.9,0.0,0.0,0.0,0.0,0.0,0.0,0.0,0.0,0.0,0.0,0.0,0.0,86.8,82.3,82.8,81.9,74.6,80.6,82.6,86.7,94.3,93.7,93.6,90.1,0.0,0.0,0.0,0.0,0.0,0.0,0.0,0.0,0.0,0.0,0.0,0.0,2014 - 2018,Allophanic,Allophanic,Allophanic,Allophanic,False,False,False,False,390.7407687,0.728666667,10.43460142,1.074549114,50.0,0.5,3.0,0.25,1.3,0.7,True,True,True,True,True,False,NO_TARGET_MAX,True,NO_TARGET_MAX,False
19,Waikato,0.0,0.0,1800.0,300.0,41600.0,3700.0,2023,142.4,73.0,0.0,89.8,234.8,127.4,60.6,54.8,214.2,165.6,47.0,95.6,14.0,14.0,0.0,10.0,14.0,8.0,8.0,8.0,18.0,13.0,8.0,11.0,12.7,14.0,15.4,18.5,19.5,19.2,16.0,15.6,13.8,10.3,10.1,8.4,0.0,0.0,0.0,0.0,0.0,0.0,0.0,0.0,0.0,0.0,0.0,0.0,11.5,13.3,15.7,18.6,19.6,18.8,16.3,14.8,13.2,9.4,9.2,7.7,0.0,0.0,0.0,0.0,0.0,0.0,0.0,0.0,0.0,0.0,0.0,0.0,0.0,0.0,0.0,0.0,0.0,0.0,0.0,0.0,0.0,0.0,0.0,0.0,12.7,13.2,14.2,17.5,17.8,17.6,14.9,15.1,14.5,10.5,10.4,9.5,4.1,3.9,3.4,3.3,3.7,3.7,2.7,3.3,3.5,3.0,4.2,2.7,0.0,0.0,0.0,0.0,0.0,0.0,0.0,0.0,0.0,0.0,0.0,0.0,86.5,86.3,80.6,82.5,82.6,86.7,93.5,87.0,94.4,92.0,88.9,93.6,0.0,0.0,0.0,0.0,0.0,0.0,0.0,0.0,0.0,0.0,0.0,0.0,2014 - 2018,Allophanic,Allophanic,Allophanic,Allophanic,False,False,False,False,390.7407687,0.728666667,10.43460142,1.074549114,50.0,0.5,3.0,0.25,1.3,0.7,True,True,True,True,True,False,NO_TARGET_MAX,True,NO_TARGET_MAX,False
22,Waikato,0.0,0.0,0.0,0.0,0.0,0.0,2024,0.0,0.0,0.0,0.0,67.0,71.8,155.0,62.0,0.0,0.0,0.0,0.0,0.0,0.0,0.0,0.0,6.0,9.0,12.0,11.0,0.0,0.0,0.0,0.0,0.0,0.0,0.0,0.0,20.1,18.5,15.3,14.4,0.0,0.0,0.0,0.0,0.0,0.0,0.0,0.0,0.0,0.0,0.0,0.0,0.0,0.0,0.0,0.0,0.0,0.0,0.0,0.0,20.9,19.2,15.8,14.1,0.0,0.0,0.0,0.0,0.0,0.0,0.0,0.0,0.0,0.0,0.0,0.0,0.0,0.0,0.0,0.0,0.0,0.0,0.0,0.0,0.0,0.0,0.0,0.0,0.0,0.0,0.0,0.0,0.0,0.0,0.0,0.0,18.7,17.2,14.8,14.7,0.0,0.0,0.0,0.0,0.0,0.0,0.0,0.0,2.9,2.8,2.9,2.6,0.0,0.0,0.0,0.0,0.0,0.0,0.0,0.0,0.0,0.0,0.0,0.0,0.0,0.0,0.0,0.0,0.0,0.0,0.0,0.0,82.0,89.0,93.5,92.9,0.0,0.0,0.0,0.0,0.0,0.0,0.0,0.0,0.0,0.0,0.0,0.0,0.0,0.0,0.0,0.0,2014 - 2018,Allophanic,Allophanic,Allophanic,Allophanic,False,False,False,False,390.7407687,0.728666667,10.43460142,1.074549114,50.0,0.5,3.0,0.25,1.3,0.7,True,True,True,True,True,False,NO_TARGET_MAX,True,NO_TARGET_MAX,False
23,Bay of Plenty,0.0,0.0,0.0,0.0,29200.0,2600.0,2019,95.8,95.4,46.4,99.4,24.6,29.0,0.0,0.0,92.4,82.4,133.2,96.0,11.0,9.0,7.0,10.0,5.0,4.0,0.0,0.0,9.0,8.0,11.0,13.0,11.9,13.8,16.8,19.4,21.4,20.1,19.1,14.6,13.0,9.8,10.9,10.5,0.0,0.0,0.0,0.0,0.0,0.0,0.0,0.0,0.0,0.0,0.0,0.0,0.0,0.0,0.0,0.0,0.0,0.0,0.0,0.0,0.0,0.0,0.0,0.0,0.0,0.0,0.0,0.0,0.0,0.0,0.0,0.0,0.0,0.0,0.0,0.0,0.0,0.0,0.0,0.0,0.0,0.0,0.0,0.0,0.0,0.0,0.0,0.0,11.7,13.0,15.8,17.4,18.7,17.1,17.6,13.5,12.8,10.0,11.6,10.9,3.7,3.9,3.7,4.3,3.3,3.1,2.6,2.6,2.7,2.3,3.0,3.5,0.0,0.0,0.0,0.0,0.0,0.0,0.0,0.0,0.0,0.0,0.0,0.0,81.9,83.3,78.9,80.1,77.1,76.5,88.7,85.1,90.5,92.4,95.8,86.4,0.0,0.0,0.0,0.0,0.0,0.0,0.0,0.0,0.0,0.0,0.0,0.0,2014 - 2018,Recent,Recent,Recent,Recent,False,False,False,False,156.9392091,0.971666667,4.744961669,0.488482262,50.0,0.7,2.0,0.25,1.4,0.7,True,True,True,True,True,True,NO_TARGET_MAX,True,False,True
24,Bay of Plenty,0.0,0.0,0.0,0.0,33700.0,2800.0,2020,32.6,25.0,0.0,33.4,16.8,16.8,56.4,41.2,60.4,200.8,107.8,75.8,7.0,4.0,0.0,4.0,3.0,3.0,6.0,5.0,5.0,14.0,11.0,8.0,11.9,14.6,16.7,18.1,19.5,20.9,17.2,14.8,12.1,12.0,9.9,10.6,0.0,0.0,0.0,0.0,0.0,0.0,0.0,0.0,0.0,0.0,0.0,0.0,0.0,0.0,0.0,0.0,0.0,0.0,0.0,0.0,0.0,0.0,0.0,0.0,0.0,0.0,0.0,0.0,0.0,0.0,0.0,0.0,0.0,0.0,0.0,0.0,0.0,0.0,0.0,0.0,0.0,0.0,0.0,0.0,0.0,0.0,0.0,0.0,11.4,14.0,15.2,15.5,17.5,19.4,15.9,15.1,12.9,12.2,10.3,11.1,3.8,3.2,4.1,3.7,3.2,3.4,2.8,2.6,2.4,2.7,2.8,3.1,0.0,0.0,0.0,0.0,0.0,0.0,0.0,0.0,0.0,0.0,0.0,0.0,78.5,83.0,79.0,73.0,77.6,82.9,92.3,93.5,99.1,94.9,91.2,89.4,0.0,0.0,0.0,0.0,0.0,0.0,0.0,0.0,0.0,0.0,0.0,0.0,2014 - 2018,Recent,Recent,Recent,Recent,False,False,False,False,156.9392091,0.971666667,4.744961669,0.488482262,50.0,0.7,2.0,0.25,1.4,0.7,True,True,True,True,True,True,NO_TARGET_MAX,True,False,True
25,Bay of Plenty,0.0,0.0,0.0,0.0,36100.0,3100.0,2021,128.8,187.4,25.6,124.8,132.8,71.8,55.2,87.2,110.8,0.0,128.4,68.0,10.0,11.0,8.0,6.0,7.0,7.0,9.0,9.0,10.0,0.0,10.0,9.0,11.9,14.4,17.4,20.5,19.5,19.0,17.5,15.7,12.8,12.0,9.5,10.1,0.0,0.0,0.0,0.0,0.0,0.0,0.0,0.0,0.0,0.0,0.0,0.0,0.0,0.0,0.0,0.0,0.0,0.0,0.0,0.0,0.0,0.0,0.0,0.0,0.0,0.0,0.0,0.0,0.0,0.0,0.0,0.0,0.0,0.0,0.0,0.0,0.0,0.0,0.0,0.0,0.0,0.0,0.0,0.0,0.0,0.0,0.0,0.0,11.8,14.1,16.5,18.9,16.9,17.0,16.0,15.5,13.0,12.1,10.0,10.3,3.5,3.7,3.5,4.2,3.4,3.2,2.9,2.6,2.5,2.8,3.1,2.8,0.0,0.0,0.0,0.0,0.0,0.0,0.0,0.0,0.0,0.0,0.0,0.0,82.4,86.2,80.7,77.7,75.6,80.1,88.5,90.9,90.9,92.1,91.5,87.5,0.0,0.0,0.0,0.0,0.0,0.0,0.0,0.0,0.0,0.0,0.0,0.0,2014 - 2018,Recent,Recent,Recent,Recent,False,False,False,False,156.9392091,0.971666667,4.744961669,0.488482262,50.0,0.7,2.0,0.25,1.4,0.7,True,True,True,True,True,True,NO_TARGET_MAX,True,False,True
26,Bay of Plenty,0.0,0.0,0.0,0.0,21700.0,2100.0,2022,224.0,102.0,206.0,192.6,36.4,173.4,151.6,35.2,156.6,182.2,238.6,0.0,15.0,9.0,12.0,14.0,4.0,11.0,5.0,6.0,8.0,16.0,17.0,0.0,12.4,14.1,17.3,18.5,20.4,20.6,18.5,15.9,12.9,11.9,11.4,10.9,0.0,0.0,0.0,0.0,0.0,0.0,0.0,0.0,0.0,0.0,0.0,0.0,0.0,0.0,0.0,0.0,0.0,0.0,0.0,0.0,0.0,0.0,0.0,0.0,0.0,0.0,0.0,0.0,0.0,0.0,0.0,0.0,0.0,0.0,0.0,0.0,0.0,0.0,0.0,0.0,0.0,0.0,0.0,0.0,0.0,0.0,0.0,0.0,12.5,12.9,16.3,17.8,17.0,19.9,15.9,15.3,13.4,12.2,11.7,11.4,3.8,3.9,4.5,4.0,4.0,3.8,3.9,3.3,3.2,4.1,4.4,3.5,0.0,0.0,0.0,0.0,0.0,0.0,0.0,0.0,0.0,0.0,0.0,0.0,86.6,81.4,80.3,83.8,70.5,86.3,83.8,87.2,94.5,91.2,91.6,91.0,0.0,0.0,0.0,0.0,0.0,0.0,0.0,0.0,0.0,0.0,0.0,0.0,2014 - 2018,Recent,Recent,Recent,Recent,False,False,False,False,156.9392091,0.971666667,4.744961669,0.488482262,50.0,0.7,2.0,0.25,1.4,0.7,True,True,True,True,True,True,NO_TARGET_MAX,True,False,True
27,Bay of Plenty,0.0,0.0,0.0,0.0,23100.0,3000.0,2023,286.8,0.0,75.0,0.0,168.8,199.2,0.0,62.2,330.6,165.0,57.4,57.0,11.0,0.0,12.0,0.0,13.0,14.0,0.0,8.0,16.0,11.0,6.0,9.0,12.9,14.2,16.3,19.1,19.7,19.7,17.4,16.2,14.5,11.6,10.0,9.1,0.0,0.0,0.0,0.0,0.0,0.0,0.0,0.0,0.0,0.0,0.0,0.0,0.0,0.0,0.0,0.0,0.0,0.0,0.0,0.0,0.0,0.0,0.0,0.0,0.0,0.0,0.0,0.0,0.0,0.0,0.0,0.0,0.0,0.0,0.0,0.0,0.0,0.0,0.0,0.0,0.0,0.0,0.0,0.0,0.0,0.0,0.0,0.0,13.1,13.0,14.6,17.0,18.5,19.3,16.6,16.2,15.2,11.3,10.0,9.6,4.3,4.3,3.9,4.0,5.2,4.0,3.3,3.8,5.2,3.7,4.0,3.4,0.0,0.0,0.0,0.0,0.0,0.0,0.0,0.0,0.0,0.0,0.0,0.0,85.6,79.8,77.3,77.6,81.5,89.3,93.4,86.5,92.7,89.7,89.6,89.5,0.0,0.0,0.0,0.0,0.0,0.0,0.0,0.0,0.0,0.0,0.0,0.0,2014 - 2018,Recent,Recent,Recent,Recent,False,False,False,False,156.9392091,0.971666667,4.744961669,0.488482262,50.0,0.7,2.0,0.25,1.4,0.7,True,True,True,True,True,True,NO_TARGET_MAX,True,False,True
30,Bay of Plenty,0.0,0.0,0.0,0.0,0.0,0.0,2024,0.0,0.0,0.0,0.0,59.0,46.4,50.4,88.2,0.0,0.0,0.0,0.0,0.0,0.0,0.0,0.0,7.0,7.0,8.0,9.0,0.0,0.0,0.0,0.0,0.0,0.0,0.0,0.0,21.0,19.7,16.6,15.0,0.0,0.0,0.0,0.0,0.0,0.0,0.0,0.0,0.0,0.0,0.0,0.0,0.0,0.0,0.0,0.0,0.0,0.0,0.0,0.0,0.0,0.0,0.0,0.0,0.0,0.0,0.0,0.0,0.0,0.0,0.0,0.0,0.0,0.0,0.0,0.0,0.0,0.0,0.0,0.0,0.0,0.0,0.0,0.0,0.0,0.0,0.0,0.0,0.0,0.0,0.0,0.0,0.0,0.0,0.0,0.0,18.8,18.0,14.2,14.3,0.0,0.0,0.0,0.0,0.0,0.0,0.0,0.0,4.0,3.7,3.9,3.3,0.0,0.0,0.0,0.0,0.0,0.0,0.0,0.0,0.0,0.0,0.0,0.0,0.0,0.0,0.0,0.0,0.0,0.0,0.0,0.0,76.8,80.9,82.1,87.0,0.0,0.0,0.0,0.0,0.0,0.0,0.0,0.0,0.0,0.0,0.0,0.0,0.0,0.0,0.0,0.0,2014 - 2018,Recent,Recent,Recent,Recent,False,False,False,False,156.9392091,0.971666667,4.744961669,0.488482262,50.0,0.7,2.0,0.25,1.4,0.7,True,True,True,True,True,True,NO_TARGET_MAX,True,False,True
36,Hawke's Bay,4000.0,600.0,9000.0,1700.0,33000.0,2600.0,2019,58.2,91.6,40.0,133.6,42.7,71.9,45.2,0.0,1.0,0.0,0.0,65.6,8.0,11.0,3.0,11.0,8.0,9.0,5.0,0.0,0.0,0.0,0.0,8.0,12.9,14.7,19.3,19.5,21.5,19.6,18.6,14.4,12.8,9.7,10.3,10.6,0.0,0.0,0.0,0.0,0.0,0.0,0.0,0.0,0.0,0.0,0.0,0.0,0.0,0.0,0.0,0.0,0.0,0.0,0.0,0.0,0.0,0.0,0.0,0.0,0.0,0.0,0.0,0.0,0.0,0.0,0.0,0.0,0.0,0.0,0.0,0.0,0.0,0.0,0.0,0.0,0.0,0.0,0.0,0.0,0.0,0.0,0.0,0.0,10.9,11.8,14.0,14.9,17.6,16.3,15.7,12.5,10.7,9.2,9.7,9.5,0.0,0.0,0.0,0.0,0.0,0.0,0.0,0.0,0.0,0.0,0.0,0.0,0.0,0.0,0.0,0.0,0.0,0.0,0.0,0.0,0.0,0.0,0.0,0.0,73.7,73.9,63.7,66.6,74.5,79.4,85.9,81.4,79.6,85.3,86.4,75.9,0.0,0.0,0.0,0.0,0.0,0.0,0.0,0.0,0.0,0.0,0.0,0.0,2014 - 2018,Pallic,Pallic,Pallic,Pallic,False,False,False,False,122.0,0.903373834,4.0,0.42,20.0,0.7,2.0,0.1,1.4,0.7,True,True,True,True,True,True,NO_TARGET_MAX,True,False,True
37,Hawke's Bay,4700.0,600.0,9400.0,1500.0,51200.0,4000.0,2020,97.4,85.2,164.4,54.8,66.6,34.8,77.8,19.6,56.4,208.8,71.0,60.6,9.0,5.0,12.0,6.0,6.0,2.0,11.0,5.0,9.0,13.0,9.0,10.0,13.4,16.2,17.8,18.9,20.7,22.2,17.8,16.2,12.8,12.5,10.4,11.4,0.0,0.0,0.0,0.0,0.0,0.0,0.0,0.0,0.0,0.0,0.0,0.0,0.0,0.0,0.0,0.0,0.0,0.0,0.0,0.0,0.0,0.0,0.0,0.0,0.0,0.0,0.0,0.0,0.0,0.0,0.0,0.0,0.0,0.0,0.0,0.0,0.0,0.0,0.0,0.0,0.0,0.0,0.0,0.0,0.0,0.0,0.0,0.0,10.5,12.8,14.3,14.4,16.1,17.3,15.5,13.5,11.8,12.2,9.9,10.2,0.0,0.0,0.0,0.0,0.0,0.0,0.0,0.0,0.0,0.0,0.0,0.0,0.0,0.0,0.0,0.0,0.0,0.0,0.0,0.0,0.0,0.0,0.0,0.0,69.4,75.1,71.5,64.9,71.4,73.8,88.6,79.7,87.8,92.9,86.5,82.8,0.0,0.0,0.0,0.0,0.0,0.0,0.0,0.0,0.0,0.0,0.0,0.0,2014 - 2018,Pallic,Pallic,Pallic,Pallic,False,False,False,False,122.0,0.903373834,4.0,0.42,20.0,0.7,2.0,0.1,1.4,0.7,True,True,True,True,True,True,NO_TARGET_MAX,True,False,True
38,Hawke's Bay,2600.0,300.0,13800.0,2000.0,52000.0,4400.0,2021,150.2,37.0,156.2,86.8,35.6,62.6,0.0,1.4,0.0,65.4,37.6,68.8,10.0,6.0,9.0,9.0,4.0,4.0,0.0,1.0,0.0,10.0,8.0,10.0,11.9,15.0,18.0,21.1,21.0,19.8,18.7,16.9,13.4,12.1,9.7,10.1,0.0,0.0,0.0,0.0,0.0,0.0,0.0,0.0,0.0,0.0,0.0,0.0,0.0,0.0,0.0,0.0,0.0,0.0,0.0,0.0,0.0,0.0,0.0,0.0,0.0,0.0,0.0,0.0,0.0,0.0,0.0,0.0,0.0,0.0,0.0,0.0,0.0,0.0,0.0,0.0,0.0,0.0,0.0,0.0,0.0,0.0,0.0,0.0,10.3,12.4,14.9,17.0,16.1,16.1,15.4,14.3,12.0,11.0,9.4,9.1,0.0,0.0,0.0,0.0,0.0,0.0,0.0,0.0,0.0,0.0,0.0,0.0,0.0,0.0,0.0,0.0,0.0,0.0,0.0,0.0,0.0,0.0,0.0,0.0,76.8,75.8,75.2,73.0,69.7,79.1,83.6,82.6,82.7,86.6,86.2,79.6,0.0,0.0,0.0,0.0,0.0,0.0,0.0,0.0,0.0,0.0,0.0,0.0,2014 - 2018,Pallic,Pallic,Pallic,Pallic,False,False,False,False,122.0,0.903373834,4.0,0.42,20.0,0.7,2.0,0.1,1.4,0.7,True,True,True,True,True,True,NO_TARGET_MAX,True,False,True
39,Hawke's Bay,3600.0,500.0,11200.0,3600.0,33400.0,2500.0,2022,167.0,0.0,96.4,74.2,24.2,170.6,404.6,112.6,144.6,89.6,96.6,94.8,13.0,0.0,10.0,13.0,8.0,13.0,15.0,6.0,10.0,10.0,16.0,11.0,12.7,13.9,18.2,19.1,19.7,20.3,17.0,15.8,13.3,12.1,11.3,11.8,0.0,0.0,0.0,0.0,0.0,0.0,0.0,0.0,0.0,0.0,0.0,0.0,0.0,0.0,0.0,0.0,0.0,0.0,0.0,0.0,0.0,0.0,0.0,0.0,0.0,0.0,0.0,0.0,0.0,0.0,0.0,0.0,0.0,0.0,0.0,0.0,0.0,0.0,0.0,0.0,0.0,0.0,0.0,0.0,0.0,0.0,0.0,0.0,11.1,11.5,14.0,16.5,16.1,18.0,15.6,14.1,12.2,10.8,10.3,10.7,0.0,0.0,0.0,0.0,0.0,0.0,0.0,0.0,0.0,0.0,0.0,0.0,0.0,0.0,0.0,0.0,0.0,0.0,0.0,0.0,0.0,0.0,0.0,0.0,79.0,75.4,67.7,78.3,74.5,83.5,91.2,85.9,87.4,82.5,83.5,81.1,0.0,0.0,0.0,0.0,0.0,0.0,0.0,0.0,0.0,0.0,0.0,0.0,2014 - 2018,Pallic,Pallic,Pallic,Pallic,False,False,False,False,122.0,0.903373834,4.0,0.42,20.0,0.7,2.0,0.1,1.4,0.7,True,True,True,True,True,True,NO_TARGET_MAX,True,False,True
40,Hawke's Bay,0.0,0.0,0.0,0.0,25100.0,2500.0,2023,0.0,67.0,302.4,58.4,139.6,314.6,108.4,84.8,75.2,180.0,101.4,24.8,0.0,7.0,10.0,11.0,14.0,12.0,9.0,10.0,11.0,15.0,13.0,6.0,0.0,15.1,16.4,20.1,19.4,19.9,17.9,16.6,14.9,11.7,10.5,10.1,0.0,0.0,0.0,0.0,0.0,0.0,0.0,0.0,0.0,0.0,0.0,0.0,0.0,0.0,0.0,0.0,0.0,0.0,0.0,0.0,0.0,0.0,0.0,0.0,0.0,0.0,0.0,0.0,0.0,0.0,0.0,0.0,0.0,0.0,0.0,0.0,0.0,0.0,0.0,0.0,0.0,0.0,0.0,0.0,0.0,0.0,0.0,0.0,11.3,11.7,13.7,16.5,17.6,17.4,14.6,14.8,12.9,11.1,9.4,8.8,0.0,0.0,0.0,0.0,0.0,0.0,0.0,0.0,0.0,0.0,0.0,0.0,0.0,0.0,0.0,0.0,0.0,0.0,0.0,0.0,0.0,0.0,0.0,0.0,74.6,71.9,75.9,72.9,84.3,84.4,86.8,83.7,83.8,89.3,87.9,78.3,0.0,0.0,0.0,0.0,0.0,0.0,0.0,0.0,0.0,0.0,0.0,0.0,2014 - 2018,Pallic,Pallic,Pallic,Pallic,False,False,False,False,122.0,0.903373834,4.0,0.42,20.0,0.7,2.0,0.1,1.4,0.7,True,True,True,True,True,True,NO_TARGET_MAX,True,False,True
43,Hawke's Bay,0.0,0.0,0.0,0.0,0.0,0.0,2024,0.0,0.0,0.0,0.0,128.0,64.6,45.8,34.4,0.0,0.0,0.0,0.0,0.0,0.0,0.0,0.0,8.0,7.0,10.0,6.0,0.0,0.0,0.0,0.0,0.0,0.0,0.0,0.0,21.3,20.1,16.8,15.3,0.0,0.0,0.0,0.0,0.0,0.0,0.0,0.0,0.0,0.0,0.0,0.0,0.0,0.0,0.0,0.0,0.0,0.0,0.0,0.0,0.0,0.0,0.0,0.0,0.0,0.0,0.0,0.0,0.0,0.0,0.0,0.0,0.0,0.0,0.0,0.0,0.0,0.0,0.0,0.0,0.0,0.0,0.0,0.0,0.0,0.0,0.0,0.0,0.0,0.0,0.0,0.0,0.0,0.0,0.0,0.0,17.3,16.5,13.4,13.1,0.0,0.0,0.0,0.0,0.0,0.0,0.0,0.0,0.0,0.0,0.0,0.0,0.0,0.0,0.0,0.0,0.0,0.0,0.0,0.0,0.0,0.0,0.0,0.0,0.0,0.0,0.0,0.0,0.0,0.0,0.0,0.0,72.7,78.6,82.1,82.7,0.0,0.0,0.0,0.0,0.0,0.0,0.0,0.0,0.0,0.0,0.0,0.0,0.0,0.0,0.0,0.0,2014 - 2018,Pallic,Pallic,Pallic,Pallic,False,False,False,False,122.0,0.903373834,4.0,0.42,20.0,0.7,2.0,0.1,1.4,0.7,True,True,True,True,True,True,NO_TARGET_MAX,True,False,True
44,Taranaki,0.0,0.0,800.0,100.0,0.0,0.0,2019,130.2,196.4,117.8,235.0,51.4,18.4,132.6,271.4,204.4,93.6,285.2,156.2,16.0,14.0,8.0,13.0,4.0,3.0,9.0,10.0,12.0,14.0,20.0,16.0,10.5,11.9,14.9,15.7,18.3,16.4,0.0,0.0,12.5,9.1,10.0,9.5,154.9,175.5,243.1,243.4,296.4,0.0,0.0,179.3,138.3,132.9,125.5,158.4,9.9,11.6,15.0,16.4,18.8,17.8,16.8,13.4,11.8,8.5,8.8,8.4,10.4,12.2,15.4,17.0,19.3,19.2,17.8,14.4,12.6,9.8,9.5,9.1,11.2,12.0,13.4,15.2,16.4,17.1,16.8,16.5,14.9,13.4,11.7,11.1,11.1,11.9,14.2,15.1,16.9,15.0,0.0,0.0,12.8,9.9,11.0,9.9,3.2,3.8,3.3,3.8,3.4,2.7,2.4,3.0,2.6,2.6,2.8,3.6,10.7,12.2,14.5,16.5,18.7,19.3,18.0,15.7,13.8,11.7,10.3,9.9,84.4,87.4,84.7,82.4,83.8,83.7,0.0,0.0,90.2,90.9,93.3,81.2,46.5,45.5,41.2,41.1,34.5,23.4,29.2,37.5,40.7,44.5,46.5,47.4,2014 - 2018,Allophanic,Allophanic,Allophanic,Allophanic,False,False,False,False,125.0995865,1.023333333,5.785668617,0.525916787,50.0,0.5,3.0,0.25,1.3,0.7,True,True,True,True,True,True,NO_TARGET_MAX,True,NO_TARGET_MAX,True
45,Taranaki,0.0,0.0,0.0,0.0,0.0,0.0,2020,214.0,148.4,321.8,147.6,18.2,82.4,86.8,83.4,204.4,202.2,149.2,153.2,15.0,10.0,17.0,9.0,1.0,7.0,8.0,8.0,5.0,19.0,13.0,15.0,9.5,12.0,13.4,14.4,16.9,18.3,14.5,12.7,10.2,9.6,8.2,8.9,173.4,137.0,134.3,243.2,283.5,243.9,214.5,194.6,163.8,82.5,110.1,155.4,10.2,12.7,14.7,16.3,17.6,18.3,15.9,13.6,10.8,9.7,8.0,8.7,10.5,13.1,15.1,16.8,18.4,19.4,16.9,14.3,11.6,10.3,8.7,9.2,11.2,12.2,13.9,15.2,16.3,17.4,17.3,16.1,14.6,12.8,11.6,11.0,10.1,12.2,13.2,13.7,15.4,16.9,13.1,12.4,10.8,10.8,9.2,9.9,3.6,2.8,3.3,3.7,3.3,3.0,2.9,2.6,2.3,2.9,2.5,2.5,10.8,12.7,14.9,16.4,17.7,19.0,17.7,15.4,13.1,11.3,10.0,9.9,79.9,89.0,87.8,82.6,83.1,87.6,84.8,85.2,87.0,92.4,89.9,87.7,41.0,38.9,40.9,38.5,27.0,19.1,25.7,31.8,35.7,39.5,41.1,41.3,2014 - 2018,Allophanic,Allophanic,Allophanic,Allophanic,False,False,False,False,125.0995865,1.023333333,5.785668617,0.525916787,50.0,0.5,3.0,0.25,1.3,0.7,True,True,True,True,True,True,NO_TARGET_MAX,True,NO_TARGET_MAX,True
46,Taranaki,0.0,0.0,1200.0,100.0,300.0,0.0,2021,177.4,224.4,84.8,329.2,86.0,100.8,190.4,79.4,240.4,197.8,301.4,247.8,14.0,17.0,9.0,14.0,8.0,4.0,7.0,11.0,12.0,12.0,14.0,12.0,9.1,12.2,14.3,17.1,16.3,16.1,14.9,13.2,10.6,9.9,8.4,8.6,169.2,157.4,201.7,176.9,249.3,249.5,213.8,166.8,130.6,87.4,125.8,147.8,9.8,12.6,14.8,18.3,18.0,17.1,15.8,14.2,11.6,10.3,8.7,8.8,10.2,12.8,15.0,18.7,18.7,18.1,16.6,14.9,12.3,10.9,9.3,9.3,10.9,11.9,13.4,15.7,16.5,17.1,17.0,16.2,14.8,13.2,11.7,10.9,10.5,12.5,14.3,17.0,15.1,14.4,13.7,13.5,11.5,11.2,9.7,9.7,3.6,3.1,3.1,3.2,2.6,2.8,2.9,2.6,3.2,2.7,3.4,3.2,10.4,12.3,14.4,17.6,18.0,18.0,17.2,15.8,13.6,11.8,10.2,9.9,85.6,90.4,85.9,89.0,82.7,82.5,86.8,87.5,89.3,93.8,92.9,86.9,48.6,48.0,42.7,43.1,37.0,31.6,34.4,39.7,43.3,46.5,48.4,48.9,2014 - 2018,Allophanic,Allophanic,Allophanic,Allophanic,False,False,False,False,125.0995865,1.023333333,5.785668617,0.525916787,50.0,0.5,3.0,0.25,1.3,0.7,True,True,True,True,True,True,NO_TARGET_MAX,True,NO_TARGET_MAX,True
47,Taranaki,0.0,0.0,0.0,0.0,1500.0,100.0,2022,192.2,132.8,277.0,161.4,0.0,449.6,91.2,55.4,218.8,228.0,355.0,396.6,18.0,12.0,18.0,14.0,0.0,9.0,7.0,7.0,11.0,20.0,19.0,13.0,10.1,11.3,14.6,16.3,17.3,17.7,15.7,13.9,11.9,9.7,9.5,9.4,129.4,178.8,0.0,217.8,0.0,174.3,238.9,203.4,141.3,100.7,88.1,114.2,10.8,12.4,15.4,17.2,18.7,18.6,16.7,15.2,12.6,10.2,9.5,10.1,11.2,12.9,15.8,17.4,19.4,19.3,17.6,15.9,13.4,11.0,10.0,10.7,11.9,12.5,14.0,15.2,17.1,18.1,17.9,17.0,15.8,13.8,12.3,11.5,11.0,11.3,14.1,15.0,15.5,17.4,14.5,13.6,12.7,10.7,10.6,10.8,2.9,3.0,3.1,2.6,2.8,3.3,3.2,2.7,2.7,3.2,3.4,3.6,11.5,12.7,15.2,16.5,18.6,19.1,18.1,16.7,14.6,12.2,10.9,11.1,89.3,86.2,84.9,80.6,80.1,90.4,87.8,85.2,90.3,91.0,92.2,91.3,49.7,46.7,47.5,45.4,0.0,35.8,31.5,37.9,43.6,48.6,50.3,50.8,2014 - 2018,Allophanic,Allophanic,Allophanic,Allophanic,False,False,False,False,125.0995865,1.023333333,5.785668617,0.525916787,50.0,0.5,3.0,0.25,1.3,0.7,True,True,True,True,True,True,NO_TARGET_MAX,True,NO_TARGET_MAX,True
48,Taranaki,100.0,0.0,400.0,100.0,0.0,0.0,2023,181.6,111.4,138.6,140.8,176.2,149.4,166.6,233.8,342.8,72.4,57.6,125.6,16.0,14.0,13.0,13.0,12.0,10.0,10.0,11.0,19.0,8.0,13.0,13.0,10.6,11.2,12.7,15.9,17.1,16.4,14.2,13.6,12.4,9.1,8.9,7.0,175.1,174.7,172.8,170.5,0.0,135.7,207.1,146.7,86.4,127.9,97.7,137.7,11.0,12.3,14.8,16.9,18.3,17.7,16.4,14.8,13.3,10.1,9.4,8.1,11.3,0.0,0.0,0.0,18.6,18.4,17.3,15.4,13.8,10.9,10.0,8.9,11.5,12.5,13.9,15.1,16.5,17.3,17.3,16.4,15.6,13.9,12.6,11.5,10.8,11.2,12.0,0.0,15.7,15.8,13.6,13.4,12.9,9.9,9.8,8.9,3.6,3.2,3.2,3.1,2.9,3.2,2.6,2.8,3.4,2.6,3.8,2.4,11.3,12.7,14.7,16.4,17.9,18.3,17.6,16.0,14.7,12.2,11.1,9.9,84.8,87.4,84.8,0.0,84.6,88.6,91.2,85.8,91.1,89.3,87.9,88.5,53.1,52.4,48.8,43.2,42.7,43.9,46.1,49.8,52.8,51.5,52.0,54.2,2014 - 2018,Allophanic,Allophanic,Allophanic,Allophanic,False,False,False,False,125.0995865,1.023333333,5.785668617,0.525916787,50.0,0.5,3.0,0.25,1.3,0.7,True,True,True,True,True,True,NO_TARGET_MAX,True,NO_TARGET_MAX,True
51,Taranaki,0.0,0.0,0.0,0.0,0.0,0.0,2024,0.0,0.0,0.0,0.0,74.2,48.2,77.0,205.8,0.0,0.0,0.0,0.0,0.0,0.0,0.0,0.0,11.0,6.0,11.0,8.0,0.0,0.0,0.0,0.0,0.0,0.0,0.0,0.0,17.2,15.7,13.4,12.5,0.0,0.0,0.0,0.0,0.0,0.0,0.0,0.0,238.8,204.9,199.2,156.2,0.0,0.0,0.0,0.0,0.0,0.0,0.0,0.0,18.4,17.2,15.2,14.0,0.0,0.0,0.0,0.0,0.0,0.0,0.0,0.0,18.9,18.0,16.3,0.0,0.0,0.0,0.0,0.0,0.0,0.0,0.0,0.0,16.9,17.4,17.1,16.1,0.0,0.0,0.0,0.0,0.0,0.0,0.0,0.0,16.5,14.6,12.6,12.7,0.0,0.0,0.0,0.0,0.0,0.0,0.0,0.0,2.6,2.4,2.7,2.6,0.0,0.0,0.0,0.0,0.0,0.0,0.0,0.0,18.5,18.2,17.0,15.6,0.0,0.0,0.0,0.0,0.0,0.0,0.0,0.0,86.0,85.7,86.6,87.9,0.0,0.0,0.0,0.0,0.0,0.0,0.0,0.0,40.4,38.4,40.1,44.1,0.0,0.0,0.0,0.0,2014 - 2018,Allophanic,Allophanic,Allophanic,Allophanic,False,False,False,False,125.0995865,1.023333333,5.785668617,0.525916787,50.0,0.5,3.0,0.25,1.3,0.7,True,True,True,True,True,True,NO_TARGET_MAX,True,NO_TARGET_MAX,True
52,Manawatū-Whanganui,0.0,0.0,0.0,0.0,0.0,0.0,2019,71.4,91.6,29.2,71.0,18.8,34.8,23.6,62.2,43.8,130.4,74.8,69.6,9.0,12.0,5.0,10.0,6.0,5.0,3.0,9.0,6.0,8.0,8.0,11.0,10.5,11.8,15.8,16.5,18.2,16.6,16.6,12.1,10.9,8.0,9.5,9.0,124.4,144.8,234.6,166.9,243.1,210.6,187.3,109.7,149.0,100.3,93.6,129.3,10.1,12.1,15.6,17.2,19.4,18.3,17.5,13.8,11.3,8.4,8.3,8.2,10.9,13.1,16.5,18.2,20.4,19.7,18.6,14.8,12.1,9.4,9.0,8.9,11.5,12.9,14.7,16.7,18.7,19.0,18.4,17.0,15.0,12.9,11.2,11.0,9.2,9.6,11.3,12.1,15.7,13.6,14.4,11.5,10.6,8.5,9.0,8.4,4.1,4.0,4.0,3.4,4.2,3.1,2.4,2.5,3.3,2.9,3.0,4.3,11.0,12.9,15.6,17.6,19.6,19.5,18.5,15.9,13.4,11.0,9.7,9.7,74.1,72.0,66.7,66.9,80.8,77.8,87.5,85.7,84.9,84.0,80.5,73.3,45.5,47.4,36.4,28.3,33.3,21.1,21.9,25.8,31.0,40.1,43.3,45.7,2014 - 2018,Gley,Gley,Gley,Gley,False,False,False,False,78.50236007,1.22,3.675442264,0.367750191,50.0,0.6,2.5,0.25,1.4,0.7,True,True,True,True,True,True,False,True,False,True
53,Manawatū-Whanganui,0.0,0.0,0.0,0.0,0.0,0.0,2020,166.2,63.8,153.6,47.6,17.6,6.8,54.6,42.4,63.0,97.4,43.0,27.2,14.0,7.0,15.0,8.0,2.0,3.0,7.0,7.0,7.0,12.0,10.0,9.0,10.7,13.2,14.3,15.8,17.6,19.4,15.5,13.3,10.6,10.2,8.1,9.1,147.7,163.1,137.3,168.8,216.1,228.7,156.6,164.6,137.6,76.8,115.0,118.7,10.3,13.1,15.0,16.2,18.0,18.9,15.9,13.0,10.4,9.9,7.8,8.3,11.0,14.0,16.1,17.4,19.2,20.4,17.7,14.4,11.7,10.7,9.0,9.3,11.8,13.3,15.3,16.4,17.3,18.5,18.2,16.5,14.6,12.9,11.7,11.2,9.0,10.6,11.8,12.6,12.9,14.0,12.1,11.0,9.9,10.2,8.6,8.7,4.9,3.2,3.5,3.9,3.8,3.6,2.7,3.2,2.2,2.7,3.2,3.2,11.5,13.7,16.0,17.1,18.4,19.6,18.2,15.6,13.2,11.7,10.3,10.2,70.4,73.2,74.3,70.4,68.6,71.4,77.5,75.9,82.7,82.7,84.1,79.6,41.0,38.7,40.6,38.7,21.8,14.8,14.5,25.8,32.0,38.4,39.3,38.0,2014 - 2018,Gley,Gley,Gley,Gley,False,False,False,False,78.50236007,1.22,3.675442264,0.367750191,50.0,0.6,2.5,0.25,1.4,0.7,True,True,True,True,True,True,False,True,False,True
54,Manawatū-Whanganui,0.0,0.0,0.0,0.0,0.0,0.0,2021,127.4,65.2,48.8,160.0,74.2,13.4,57.3,24.6,53.6,78.4,30.0,97.2,12.0,8.0,11.0,12.0,5.0,2.0,8.0,5.0,9.0,9.0,9.0,12.0,11.1,13.7,16.0,18.2,17.7,17.3,15.9,14.0,11.2,10.4,8.5,9.3,143.6,157.0,206.3,166.3,217.3,221.9,134.6,158.0,129.4,73.3,154.8,149.6,9.2,12.5,16.2,18.3,17.6,17.3,15.3,13.2,10.0,9.0,6.4,7.1,9.9,13.3,16.9,19.1,19.2,19.1,17.0,14.6,11.3,10.0,7.7,8.0,11.3,13.0,15.6,17.8,18.0,18.3,17.9,16.8,14.7,12.9,11.3,10.7,9.6,11.5,12.9,15.5,13.4,13.4,12.8,12.4,10.8,10.6,8.6,8.7,3.7,3.3,3.0,3.4,3.7,2.2,2.0,3.1,2.6,2.9,2.8,3.3,10.9,13.3,16.7,18.9,18.9,18.9,17.8,16.0,13.2,11.5,9.7,9.6,72.8,77.6,74.7,77.8,71.7,76.6,80.9,78.7,84.5,88.4,87.5,75.5,40.9,40.7,36.1,36.6,33.7,21.3,20.5,22.3,25.3,34.7,38.4,40.1,2014 - 2018,Gley,Gley,Gley,Gley,False,False,False,False,78.50236007,1.22,3.675442264,0.367750191,50.0,0.6,2.5,0.25,1.4,0.7,True,True,True,True,True,True,False,True,False,True
55,Manawatū-Whanganui,2600.0,400.0,12000.0,2300.0,38600.0,3300.0,2022,145.6,68.2,98.8,91.2,4.0,211.6,108.4,12.2,118.6,155.8,141.6,143.4,14.0,10.0,14.0,13.0,1.0,11.0,10.0,5.0,13.0,16.0,14.0,12.0,11.1,11.9,16.1,16.8,18.0,18.3,16.3,13.7,11.9,10.1,9.5,10.1,129.3,154.6,162.6,176.0,263.3,140.8,157.5,189.3,138.3,97.6,102.5,112.2,10.5,12.0,16.1,18.0,18.7,18.3,16.3,13.6,10.9,8.4,8.0,8.7,11.0,12.7,16.8,18.7,20.3,19.6,18.0,14.9,12.0,9.5,8.8,9.5,12.1,13.2,15.5,17.1,19.1,19.4,19.0,17.6,15.4,13.0,11.5,11.3,10.2,10.3,12.7,14.3,14.3,15.9,14.2,12.4,11.3,9.6,9.5,9.8,3.1,3.3,3.5,2.7,2.7,2.2,2.1,2.4,2.9,3.6,3.7,2.9,11.7,13.4,16.7,18.4,20.2,19.9,18.8,16.7,13.9,11.3,10.1,10.5,78.5,77.0,71.5,76.9,72.7,83.4,87.4,80.2,83.0,83.5,84.3,82.0,46.7,44.6,39.4,44.2,27.6,35.8,36.8,37.6,40.8,45.6,46.0,46.2,2014 - 2018,Gley,Gley,Gley,Gley,False,False,False,False,78.50236007,1.22,3.675442264,0.367750191,50.0,0.6,2.5,0.25,1.4,0.7,True,True,True,True,True,True,False,True,False,True
56,Manawatū-Whanganui,2800.0,400.0,14200.0,0.0,49700.0,4400.0,2023,90.2,98.0,71.6,51.4,186.2,174.8,66.8,109.6,69.4,104.4,79.0,60.8,12.0,9.0,12.0,11.0,13.0,14.0,9.0,12.0,9.0,13.0,13.0,9.0,11.8,12.2,14.0,17.5,17.6,17.7,15.2,14.2,12.3,9.9,8.9,7.4,180.1,192.9,148.9,157.3,124.9,140.5,195.7,119.5,118.8,97.3,89.5,137.9,11.1,12.5,15.2,18.1,19.0,18.7,16.7,14.9,12.5,10.3,9.0,7.7,11.6,13.2,15.8,18.7,19.9,19.7,17.8,15.6,13.3,10.9,9.6,8.5,11.9,13.2,15.2,16.9,18.9,19.6,18.7,17.1,15.6,13.4,12.1,11.0,10.3,10.8,11.8,14.7,16.1,16.0,13.3,13.3,11.8,10.5,9.6,8.3,4.3,4.1,3.2,3.4,2.5,2.8,2.9,2.4,2.6,2.7,4.0,2.9,11.8,13.5,15.9,18.2,20.0,20.2,18.7,16.5,14.6,12.1,10.9,9.8,75.3,77.6,76.9,77.2,84.6,84.5,84.8,84.8,86.2,91.2,86.6,83.6,49.2,51.4,49.5,47.3,43.8,47.1,46.9,48.6,50.1,51.1,52.7,52.2,2014 - 2018,Gley,Gley,Gley,Gley,False,False,False,False,78.50236007,1.22,3.675442264,0.367750191,50.0,0.6,2.5,0.25,1.4,0.7,True,True,True,True,True,True,False,True,False,True
59,Manawatū-Whanganui,0.0,0.0,0.0,0.0,0.0,0.0,2024,0.0,0.0,0.0,0.0,49.8,40.2,53.6,22.4,0.0,0.0,0.0,0.0,0.0,0.0,0.0,0.0,6.0,6.0,6.0,7.0,0.0,0.0,0.0,0.0,0.0,0.0,0.0,0.0,18.8,17.5,14.8,13.7,0.0,0.0,0.0,0.0,0.0,0.0,0.0,0.0,198.2,246.8,194.4,152.9,0.0,0.0,0.0,0.0,0.0,0.0,0.0,0.0,19.1,17.4,15.0,13.4,0.0,0.0,0.0,0.0,0.0,0.0,0.0,0.0,20.2,18.7,16.3,14.3,0.0,0.0,0.0,0.0,0.0,0.0,0.0,0.0,18.8,18.6,17.7,16.3,0.0,0.0,0.0,0.0,0.0,0.0,0.0,0.0,15.4,14.0,11.8,11.7,0.0,0.0,0.0,0.0,0.0,0.0,0.0,0.0,2.8,3.7,3.7,2.6,0.0,0.0,0.0,0.0,0.0,0.0,0.0,0.0,20.3,19.3,17.5,15.6,0.0,0.0,0.0,0.0,0.0,0.0,0.0,0.0,74.4,75.3,77.3,78.1,0.0,0.0,0.0,0.0,0.0,0.0,0.0,0.0,35.2,30.7,28.8,28.5,0.0,0.0,0.0,0.0,2014 - 2018,Gley,Gley,Gley,Gley,False,False,False,False,78.50236007,1.22,3.675442264,0.367750191,50.0,0.6,2.5,0.25,1.4,0.7,True,True,True,True,True,True,False,True,False,True
60,Wellington,0.0,0.0,0.0,0.0,5000.0,400.0,2019,45.0,76.8,49.4,58.2,12.2,28.6,21.2,82.4,13.2,25.6,80.4,74.6,7.0,10.0,5.0,7.0,4.0,4.0,3.0,11.0,2.0,2.0,12.0,10.0,10.6,11.8,16.2,16.8,20.0,18.2,17.6,13.0,12.5,8.5,9.7,8.9,151.8,180.4,215.5,182.4,272.5,227.8,178.7,111.7,159.9,95.7,90.6,164.0,10.1,11.7,15.1,16.7,19.4,17.8,16.0,11.9,9.7,7.3,8.2,8.2,10.7,12.5,15.4,17.1,20.0,19.3,17.4,13.1,10.9,8.7,9.2,9.1,11.7,12.3,13.7,15.4,17.0,18.4,17.5,15.7,13.7,12.4,11.8,11.6,9.9,10.7,12.4,13.0,16.5,14.3,15.0,12.5,11.2,9.2,9.8,9.2,4.1,4.4,4.7,5.0,3.9,3.8,3.1,2.8,3.5,2.9,2.9,3.6,11.5,12.8,15.2,17.0,19.7,20.2,18.4,15.1,12.8,10.9,10.6,10.6,75.8,76.5,65.6,68.1,73.0,72.0,84.5,84.5,83.4,91.2,89.3,80.2,28.1,27.3,19.7,15.1,17.0,9.9,12.3,17.1,20.2,25.4,28.1,29.8,2014 - 2018,Brown,Brown,Brown,Brown,False,False,False,False,150.0,0.76,8.51,0.786934425,20.0,0.6,2.5,0.25,1.4,0.7,True,True,True,True,True,False,False,True,False,False
61,Wellington,0.0,0.0,0.0,0.0,0.0,0.0,2020,112.4,19.3,185.6,0.0,5.4,22.6,99.8,7.3,63.1,109.0,93.2,17.4,9.0,6.0,14.0,0.0,2.0,2.0,6.0,4.0,4.0,12.0,7.0,4.0,11.3,13.7,14.8,16.2,18.0,20.1,16.4,14.0,10.9,10.4,8.7,9.8,168.5,0.0,138.4,160.9,197.5,0.0,148.4,179.1,130.0,81.8,118.5,149.8,10.7,13.2,15.3,16.9,18.8,19.8,16.0,13.0,10.5,9.9,8.4,9.3,11.3,13.7,15.7,17.1,19.2,20.7,17.3,13.9,11.4,10.7,9.4,10.0,12.0,13.1,14.7,15.8,16.5,18.4,18.0,15.8,13.7,12.6,12.1,11.5,10.1,11.7,13.2,13.8,14.0,15.2,13.0,12.2,10.8,10.9,9.1,9.8,5.7,4.1,3.8,4.5,3.8,4.0,3.3,3.6,2.3,2.5,2.9,2.9,11.8,13.6,15.7,17.0,18.7,20.6,18.5,15.3,12.7,11.6,10.9,10.8,72.6,75.9,78.6,72.6,70.3,72.1,77.6,78.8,90.4,92.5,89.4,83.8,26.7,21.5,22.5,22.2,9.3,7.9,10.2,17.5,20.6,26.5,28.9,25.9,2014 - 2018,Brown,Brown,Brown,Brown,False,False,False,False,150.0,0.76,8.51,0.786934425,20.0,0.6,2.5,0.25,1.4,0.7,True,True,True,True,True,False,False,True,False,False
62,Wellington,0.0,0.0,0.0,0.0,0.0,0.0,2021,56.4,43.8,6.6,163.4,4.4,24.0,58.8,10.6,43.2,120.4,55.8,138.4,10.0,7.0,3.0,11.0,1.0,2.0,4.0,4.0,8.0,11.0,10.0,14.0,10.9,13.7,16.5,18.4,18.5,17.5,16.4,13.9,11.2,11.0,8.8,9.3,141.1,158.0,198.1,148.3,228.9,220.3,146.8,163.3,113.8,65.1,136.3,127.7,10.2,13.0,16.5,18.4,18.6,17.5,15.9,13.1,10.1,9.5,7.4,8.4,10.6,13.7,16.7,19.2,19.0,18.7,17.2,14.2,11.1,10.4,8.7,9.0,11.9,12.9,14.7,16.6,17.1,17.7,17.6,16.1,13.9,12.4,11.7,11.4,9.9,11.9,12.9,15.7,14.3,14.0,13.2,13.1,11.1,10.9,8.9,9.5,4.8,4.0,4.6,4.0,4.3,3.0,3.2,3.1,2.9,3.2,2.7,3.9,11.6,13.6,16.1,18.3,18.8,19.2,18.1,15.6,12.7,11.4,10.3,10.5,73.2,76.2,69.3,76.4,68.3,76.6,80.1,85.0,86.4,88.9,90.2,80.7,27.9,26.6,16.2,22.2,12.2,9.7,9.7,15.0,13.3,23.0,28.2,30.2,2014 - 2018,Brown,Brown,Brown,Brown,False,False,False,False,150.0,0.76,8.51,0.786934425,20.0,0.6,2.5,0.25,1.4,0.7,True,True,True,True,True,False,False,True,False,False
63,Wellington,1700.0,200.0,11600.0,1900.0,3700.0,300.0,2022,88.6,43.0,76.0,109.0,7.4,249.0,29.4,6.4,42.2,73.8,195.7,65.8,14.0,6.0,7.0,9.0,3.0,10.0,4.0,2.0,8.0,11.0,14.0,6.0,11.0,12.2,16.6,17.3,18.3,18.0,16.7,13.9,12.2,10.2,9.3,10.8,118.5,158.7,181.8,167.8,264.0,101.2,134.1,171.7,129.2,83.5,70.0,90.1,10.9,11.6,15.6,18.1,18.6,18.0,16.3,13.8,11.1,9.2,8.7,10.2,11.7,12.8,16.8,18.1,19.9,19.0,17.3,14.7,12.0,10.0,9.3,10.9,12.6,12.8,14.9,16.3,17.8,18.0,17.1,16.2,14.4,12.5,11.7,12.2,10.8,10.9,13.6,14.9,14.9,16.5,15.0,13.3,11.9,10.0,9.9,10.7,3.7,4.2,4.3,2.9,3.2,3.1,2.7,2.8,2.7,3.3,3.6,3.6,12.1,12.8,16.1,17.9,19.5,19.1,17.6,15.9,13.4,11.3,10.5,11.6,80.3,76.1,71.4,74.1,72.8,83.8,87.3,81.8,87.8,85.6,88.3,84.0,30.1,28.9,21.5,21.7,13.6,24.0,22.3,20.5,20.6,28.6,31.5,31.8,2014 - 2018,Brown,Brown,Brown,Brown,False,False,False,False,150.0,0.76,8.51,0.786934425,20.0,0.6,2.5,0.25,1.4,0.7,True,True,True,True,True,False,False,True,False,False
64,Wellington,0.0,0.0,0.0,0.0,0.0,0.0,2023,52.8,30.8,29.2,30.4,76.4,106.2,93.0,84.8,80.4,23.2,76.0,96.2,8.0,9.0,8.0,5.0,8.0,9.0,11.0,10.0,9.0,8.0,11.0,12.0,12.3,12.6,14.7,18.0,18.0,18.2,15.6,14.5,13.3,9.8,8.8,8.1,143.1,195.1,132.9,141.5,137.4,135.3,168.8,115.3,85.7,95.1,108.7,126.6,11.1,12.0,14.7,17.3,18.6,18.0,15.5,14.3,12.9,10.2,8.8,7.9,11.5,12.7,15.1,17.4,19.1,18.9,16.5,14.8,13.5,11.0,9.7,8.9,12.0,12.8,14.3,15.5,17.2,17.8,16.6,15.5,15.0,13.7,12.7,11.8,10.9,11.0,12.5,14.5,16.5,16.8,14.4,13.8,13.1,10.5,9.6,9.2,4.9,4.5,3.8,4.4,2.7,3.4,4.0,2.7,2.5,2.4,2.9,3.1,12.1,13.2,15.4,17.1,18.8,19.1,17.2,15.5,14.4,12.4,11.3,10.7,74.8,75.0,75.6,69.1,81.4,83.7,87.2,84.5,89.2,94.2,88.9,87.1,26.6,26.5,18.5,14.5,23.6,23.0,26.4,28.6,29.8,29.7,30.9,31.7,2014 - 2018,Brown,Brown,Brown,Brown,False,False,False,False,150.0,0.76,8.51,0.786934425,20.0,0.6,2.5,0.25,1.4,0.7,True,True,True,True,True,False,False,True,False,False
67,Wellington,0.0,0.0,0.0,0.0,0.0,0.0,2024,0.0,0.0,0.0,0.0,33.4,22.4,26.4,36.6,0.0,0.0,0.0,0.0,0.0,0.0,0.0,0.0,3.0,7.0,5.0,5.0,0.0,0.0,0.0,0.0,0.0,0.0,0.0,0.0,19.6,18.0,15.1,13.6,0.0,0.0,0.0,0.0,0.0,0.0,0.0,0.0,222.9,217.9,187.5,167.1,0.0,0.0,0.0,0.0,0.0,0.0,0.0,0.0,19.6,17.9,14.3,12.3,0.0,0.0,0.0,0.0,0.0,0.0,0.0,0.0,20.3,19.2,15.8,13.3,0.0,0.0,0.0,0.0,0.0,0.0,0.0,0.0,17.9,18.4,17.3,15.6,0.0,0.0,0.0,0.0,0.0,0.0,0.0,0.0,15.4,13.8,11.9,12.2,0.0,0.0,0.0,0.0,0.0,0.0,0.0,0.0,3.9,4.3,3.9,3.0,0.0,0.0,0.0,0.0,0.0,0.0,0.0,0.0,20.1,19.9,17.5,15.1,0.0,0.0,0.0,0.0,0.0,0.0,0.0,0.0,68.6,71.1,77.6,81.7,0.0,0.0,0.0,0.0,0.0,0.0,0.0,0.0,10.0,9.3,8.7,12.4,0.0,0.0,0.0,0.0,2014 - 2018,Brown,Brown,Brown,Brown,False,False,False,False,150.0,0.76,8.51,0.786934425,20.0,0.6,2.5,0.25,1.4,0.7,True,True,True,True,True,False,False,True,False,False
73,Tasman,0.0,0.0,0.0,0.0,1600.0,100.0,2019,100.2,52.2,62.6,0.0,3.0,19.6,87.8,84.2,151.0,50.6,209.0,94.2,12.0,7.0,5.0,0.0,1.0,2.0,8.0,6.0,8.0,7.0,15.0,12.0,10.1,12.0,15.4,16.3,20.3,18.8,17.9,13.4,11.6,7.3,8.1,7.8,0.0,0.0,0.0,0.0,0.0,0.0,0.0,0.0,0.0,0.0,0.0,0.0,8.6,11.8,16.3,17.4,21.5,19.7,17.8,12.5,8.5,4.1,4.5,4.2,9.9,13.4,17.7,19.6,23.4,22.9,20.3,14.6,10.0,5.9,5.5,5.8,10.1,12.6,15.4,17.8,20.1,21.0,20.0,17.5,13.6,10.5,8.3,8.1,0.0,0.0,0.0,0.0,0.0,0.0,0.0,0.0,0.0,0.0,0.0,0.0,1.7,1.9,1.9,2.0,2.0,1.9,1.3,1.3,1.1,1.2,1.1,1.4,0.0,0.0,0.0,0.0,0.0,0.0,0.0,0.0,0.0,0.0,0.0,0.0,0.0,0.0,0.0,0.0,0.0,0.0,0.0,0.0,0.0,0.0,0.0,0.0,0.0,0.0,0.0,0.0,0.0,0.0,0.0,0.0,0.0,0.0,0.0,0.0,2014 - 2018,Brown,Brown,Brown,Brown,False,False,False,False,79.01672188,1.019,3.826450449,0.314002148,50.0,0.6,2.5,0.25,1.4,0.7,True,True,True,True,True,True,NO_TARGET_MAX,True,False,True
74,Tasman,0.0,0.0,0.0,0.0,1200.0,100.0,2020,85.4,72.4,276.4,96.6,1.0,26.4,25.8,58.4,113.8,122.0,83.6,0.0,9.0,10.0,14.0,6.0,1.0,4.0,7.0,7.0,6.0,10.0,6.0,0.0,11.8,13.8,15.9,17.5,17.5,18.2,15.2,12.3,10.1,9.6,7.8,9.8,0.0,0.0,0.0,0.0,0.0,0.0,0.0,0.0,0.0,0.0,0.0,0.0,10.3,13.4,16.4,17.9,18.6,18.6,15.3,11.8,9.0,8.1,6.0,8.3,11.4,14.4,17.3,19.1,21.4,21.8,18.5,14.3,10.7,9.3,7.3,9.4,11.8,13.8,16.4,18.1,19.2,20.1,19.2,16.9,14.1,11.7,10.3,10.6,0.0,0.0,0.0,0.0,0.0,0.0,0.0,0.0,0.0,0.0,0.0,0.0,1.7,1.5,1.7,2.0,1.8,1.8,1.6,1.3,1.1,1.2,1.2,1.2,0.0,0.0,0.0,0.0,0.0,0.0,0.0,0.0,0.0,0.0,0.0,0.0,0.0,0.0,0.0,0.0,0.0,0.0,0.0,0.0,0.0,0.0,0.0,0.0,0.0,0.0,0.0,0.0,0.0,0.0,0.0,0.0,0.0,0.0,0.0,0.0,2014 - 2018,Brown,Brown,Brown,Brown,False,False,False,False,79.01672188,1.019,3.826450449,0.314002148,50.0,0.6,2.5,0.25,1.4,0.7,True,True,True,True,True,True,NO_TARGET_MAX,True,False,True
75,Tasman,0.0,0.0,0.0,0.0,200.0,100.0,2021,212.4,98.2,42.0,0.0,12.4,19.4,101.6,111.6,189.4,94.4,273.4,149.4,10.0,10.0,4.0,0.0,5.0,5.0,8.0,8.0,11.0,10.0,11.0,12.0,10.3,13.0,15.7,0.0,18.6,18.3,16.9,14.7,11.7,10.8,8.4,9.5,0.0,0.0,0.0,0.0,0.0,0.0,0.0,0.0,0.0,0.0,0.0,0.0,9.7,13.7,17.7,0.0,19.2,18.6,16.8,13.8,9.7,8.8,6.2,7.6,10.9,15.0,18.9,0.0,20.7,20.6,18.6,15.3,11.0,9.8,7.5,8.8,11.7,14.0,16.8,0.0,19.5,19.8,19.1,17.3,14.1,11.7,9.9,10.2,0.0,0.0,0.0,0.0,0.0,0.0,0.0,0.0,0.0,0.0,0.0,0.0,1.7,1.6,1.8,1.9,1.8,1.8,1.4,1.3,1.3,1.2,1.3,1.5,0.0,0.0,0.0,0.0,0.0,0.0,0.0,0.0,0.0,0.0,0.0,0.0,0.0,0.0,0.0,0.0,0.0,0.0,0.0,0.0,0.0,0.0,0.0,0.0,0.0,0.0,0.0,0.0,0.0,0.0,0.0,0.0,0.0,0.0,0.0,0.0,2014 - 2018,Brown,Brown,Brown,Brown,False,False,False,False,79.01672188,1.019,3.826450449,0.314002148,50.0,0.6,2.5,0.25,1.4,0.7,True,True,True,True,True,True,NO_TARGET_MAX,True,False,True
76,Tasman,0.0,0.0,0.0,0.0,800.0,100.0,2022,86.6,28.6,166.2,100.8,24.0,181.8,50.2,37.0,133.6,165.4,364.4,276.0,12.0,5.0,11.0,12.0,1.0,11.0,5.0,3.0,13.0,17.0,13.0,11.0,10.9,12.4,15.5,17.3,19.0,18.2,16.8,14.0,11.7,9.0,8.2,0.0,0.0,0.0,0.0,0.0,0.0,0.0,0.0,0.0,0.0,0.0,0.0,0.0,9.9,12.6,16.4,18.9,21.9,19.4,17.3,13.7,9.7,6.7,6.1,7.9,11.1,14.0,17.6,20.3,23.9,21.2,19.9,15.7,11.5,8.3,7.4,9.2,11.7,13.8,16.5,18.4,21.0,20.8,20.2,18.2,15.2,12.0,10.0,10.3,0.0,0.0,0.0,0.0,0.0,0.0,0.0,0.0,0.0,0.0,0.0,0.0,1.5,1.8,1.8,1.7,1.9,1.8,1.4,1.3,1.1,1.2,1.3,1.3,0.0,0.0,0.0,0.0,0.0,0.0,0.0,0.0,0.0,0.0,0.0,0.0,0.0,0.0,0.0,0.0,0.0,0.0,0.0,0.0,0.0,0.0,0.0,0.0,0.0,0.0,0.0,0.0,0.0,0.0,0.0,0.0,0.0,0.0,0.0,0.0,2014 - 2018,Brown,Brown,Brown,Brown,False,False,False,False,79.01672188,1.019,3.826450449,0.314002148,50.0,0.6,2.5,0.25,1.4,0.7,True,True,True,True,True,True,NO_TARGET_MAX,True,False,True
77,Tasman,0.0,0.0,0.0,0.0,1300.0,100.0,2023,0.0,45.6,0.0,41.8,128.2,66.2,56.2,146.4,366.8,138.6,55.0,73.6,0.0,5.0,0.0,5.0,7.0,6.0,9.0,8.0,16.0,11.0,5.0,5.0,0.0,0.0,0.0,18.4,18.5,19.0,16.4,14.0,12.5,10.4,8.8,7.5,0.0,0.0,0.0,0.0,0.0,0.0,0.0,0.0,0.0,0.0,0.0,0.0,10.1,12.9,17.0,20.8,20.7,19.0,15.4,13.4,11.4,7.2,5.2,5.3,11.3,14.6,18.6,22.4,22.4,21.1,18.1,15.0,12.9,8.9,7.1,7.0,11.5,14.1,16.6,19.1,20.6,20.9,19.7,17.2,15.4,12.3,10.9,9.9,0.0,0.0,0.0,0.0,0.0,0.0,0.0,0.0,0.0,0.0,0.0,0.0,1.8,1.9,1.9,2.0,1.6,1.7,1.6,1.2,1.3,1.1,1.3,1.3,0.0,0.0,0.0,0.0,0.0,0.0,0.0,0.0,0.0,0.0,0.0,0.0,0.0,0.0,0.0,0.0,0.0,0.0,0.0,0.0,0.0,0.0,0.0,0.0,0.0,0.0,0.0,0.0,0.0,0.0,0.0,0.0,0.0,0.0,0.0,0.0,2014 - 2018,Brown,Brown,Brown,Brown,False,False,False,False,79.01672188,1.019,3.826450449,0.314002148,50.0,0.6,2.5,0.25,1.4,0.7,True,True,True,True,True,True,NO_TARGET_MAX,True,False,True
80,Tasman,0.0,0.0,0.0,0.0,0.0,0.0,2024,0.0,0.0,0.0,0.0,34.0,15.2,0.0,139.6,0.0,0.0,0.0,0.0,0.0,0.0,0.0,0.0,5.0,3.0,0.0,4.0,0.0,0.0,0.0,0.0,0.0,0.0,0.0,0.0,19.5,17.8,15.3,0.0,0.0,0.0,0.0,0.0,0.0,0.0,0.0,0.0,0.0,0.0,0.0,0.0,0.0,0.0,0.0,0.0,0.0,0.0,0.0,0.0,21.2,19.1,0.0,0.0,0.0,0.0,0.0,0.0,0.0,0.0,0.0,0.0,23.2,22.2,0.0,0.0,0.0,0.0,0.0,0.0,0.0,0.0,0.0,0.0,20.9,21.0,0.0,0.0,0.0,0.0,0.0,0.0,0.0,0.0,0.0,0.0,0.0,0.0,0.0,0.0,0.0,0.0,0.0,0.0,0.0,0.0,0.0,0.0,2.0,1.9,1.7,1.5,0.0,0.0,0.0,0.0,0.0,0.0,0.0,0.0,0.0,0.0,0.0,0.0,0.0,0.0,0.0,0.0,0.0,0.0,0.0,0.0,0.0,0.0,0.0,0.0,0.0,0.0,0.0,0.0,0.0,0.0,0.0,0.0,0.0,0.0,0.0,0.0,0.0,0.0,0.0,0.0,2014 - 2018,Brown,Brown,Brown,Brown,False,False,False,False,79.01672188,1.019,3.826450449,0.314002148,50.0,0.6,2.5,0.25,1.4,0.7,True,True,True,True,True,True,NO_TARGET_MAX,True,False,True
86,Marlborough,0.0,0.0,3000.0,500.0,1100.0,100.0,2019,63.4,28.0,42.6,91.2,3.8,8.0,94.6,80.2,55.0,18.0,119.6,56.6,5.0,7.0,6.0,9.0,2.0,2.0,7.0,8.0,6.0,3.0,11.0,6.0,11.1,12.7,16.7,16.7,20.7,18.9,17.6,13.2,12.9,8.5,9.7,8.8,215.9,251.8,274.0,274.3,318.8,290.2,225.9,212.4,215.3,170.9,138.4,223.5,8.7,11.2,15.7,17.1,20.3,19.0,17.1,13.2,11.0,6.4,6.7,5.7,9.5,12.2,16.3,17.8,21.1,20.6,18.3,14.2,11.8,7.6,7.6,6.7,11.5,13.1,15.4,17.1,19.1,19.9,19.2,17.3,15.1,12.7,11.0,10.6,0.0,0.0,0.0,0.0,0.0,0.0,0.0,0.0,0.0,0.0,0.0,0.0,3.0,2.9,2.9,3.1,3.0,2.8,2.3,1.9,2.5,2.2,2.3,2.8,0.0,0.0,0.0,0.0,0.0,0.0,0.0,0.0,0.0,0.0,0.0,0.0,0.0,0.0,0.0,0.0,0.0,0.0,0.0,0.0,0.0,0.0,0.0,0.0,36.9,28.6,22.2,25.2,19.1,14.1,23.9,32.4,35.2,36.8,38.8,38.7,2014 - 2018,Recent,Recent,Recent,Recent,False,False,False,False,83.83333333333333,1.3076111113333333,3.0166666666666666,0.37,20.0,0.7,2.0,0.25,1.4,0.7,True,True,True,True,True,True,False,True,False,True
87,Marlborough,100.0,0.0,2500.0,400.0,800.0,100.0,2020,64.6,22.4,81.8,22.8,0.2,8.6,11.2,24.2,81.6,77.6,16.8,49.6,7.0,5.0,12.0,6.0,0.0,2.0,4.0,4.0,7.0,8.0,3.0,5.0,11.8,14.3,15.2,16.7,17.7,19.2,15.5,13.8,10.9,9.8,8.5,10.3,261.1,225.7,180.5,257.0,0.0,272.2,235.0,234.6,188.6,116.0,173.3,223.8,10.1,12.9,15.5,16.3,18.8,18.9,14.7,10.8,7.7,7.5,5.5,7.4,10.5,13.3,15.9,16.8,19.5,20.1,16.5,12.1,9.0,8.5,6.6,8.4,12.1,13.5,15.4,16.7,18.2,19.2,18.5,16.5,14.3,12.4,11.2,11.1,0.0,0.0,0.0,0.0,0.0,0.0,0.0,0.0,0.0,0.0,0.0,0.0,3.6,3.2,2.3,3.0,2.6,2.8,2.3,2.6,1.8,2.1,2.3,2.4,0.0,0.0,0.0,0.0,0.0,0.0,0.0,0.0,0.0,0.0,0.0,0.0,0.0,0.0,0.0,0.0,0.0,0.0,0.0,0.0,0.0,0.0,0.0,0.0,34.4,27.7,30.5,22.6,19.6,15.0,14.4,16.2,28.4,35.9,34.8,34.5,2014 - 2018,Recent,Recent,Recent,Recent,False,False,False,False,83.83333333333333,1.3076111113333333,3.0166666666666666,0.37,20.0,0.7,2.0,0.25,1.4,0.7,True,True,True,True,True,True,False,True,False,True
88,Marlborough,1100.0,100.0,2200.0,400.0,800.0,100.0,2021,52.6,70.2,14.2,0.0,7.8,22.8,79.2,7.8,88.2,75.6,143.6,71.2,8.0,8.0,4.0,0.0,3.0,3.0,4.0,3.0,9.0,5.0,9.0,8.0,11.2,13.9,16.3,18.6,18.4,17.5,16.3,14.5,11.2,10.3,8.8,9.5,0.0,235.4,229.3,203.2,310.6,265.3,210.2,210.9,163.0,136.3,186.2,159.7,9.1,12.6,16.2,18.5,18.0,17.1,15.6,12.9,9.7,8.6,6.5,7.3,9.8,13.4,16.5,18.9,18.7,18.3,16.9,13.8,10.6,9.3,7.3,8.1,11.7,13.5,15.8,17.6,17.8,18.4,18.1,16.7,14.5,12.5,10.9,10.8,0.0,0.0,0.0,0.0,0.0,0.0,0.0,0.0,0.0,0.0,0.0,0.0,3.4,2.5,2.9,2.6,3.0,2.5,2.5,2.4,2.4,2.2,2.3,2.7,0.0,0.0,0.0,0.0,0.0,0.0,0.0,0.0,0.0,0.0,0.0,0.0,0.0,0.0,0.0,0.0,0.0,0.0,0.0,0.0,0.0,0.0,0.0,0.0,35.7,34.5,27.0,27.5,16.8,15.5,15.3,30.6,30.6,36.4,37.8,37.3,2014 - 2018,Recent,Recent,Recent,Recent,False,False,False,False,83.83333333333333,1.3076111113333333,3.0166666666666666,0.37,20.0,0.7,2.0,0.25,1.4,0.7,True,True,True,True,True,True,False,True,False,True
89,Marlborough,200.0,0.0,1200.0,200.0,0.0,0.0,2022,38.6,16.8,72.6,49.8,12.6,153.4,17.0,9.6,47.8,80.4,220.6,112.4,6.0,3.0,10.0,8.0,2.0,7.0,3.0,1.0,6.0,12.0,13.0,10.0,11.6,12.9,16.5,16.6,18.3,17.3,16.3,14.7,12.5,9.5,8.9,10.2,196.4,248.7,258.8,235.9,0.0,157.3,239.5,240.8,185.6,138.9,117.1,157.2,9.9,11.8,15.9,17.8,19.5,17.6,16.6,13.8,10.4,7.4,7.1,8.2,10.5,12.5,16.3,18.3,20.3,18.5,17.6,14.7,11.3,8.2,7.7,8.9,12.2,13.4,15.6,17.4,19.2,19.1,18.7,17.5,15.4,12.9,11.1,11.1,0.0,0.0,0.0,0.0,0.0,0.0,0.0,0.0,0.0,0.0,0.0,0.0,2.5,2.9,3.0,2.2,2.4,2.1,1.9,2.1,2.3,2.4,2.2,2.5,0.0,0.0,0.0,0.0,0.0,0.0,0.0,0.0,0.0,0.0,0.0,0.0,0.0,0.0,0.0,0.0,0.0,0.0,0.0,0.0,0.0,0.0,0.0,0.0,33.6,29.8,22.7,26.6,19.5,31.7,25.1,20.7,21.6,36.5,38.6,39.0,2014 - 2018,Recent,Recent,Recent,Recent,False,False,False,False,83.83333333333333,1.3076111113333333,3.0166666666666666,0.37,20.0,0.7,2.0,0.25,1.4,0.7,True,True,True,True,True,True,False,True,False,True
90,Marlborough,0.0,0.0,0.0,0.0,0.0,0.0,2023,48.2,32.6,22.4,14.2,60.4,40.2,55.6,35.8,82.4,22.0,24.0,24.2,6.0,6.0,7.0,4.0,6.0,6.0,6.0,8.0,9.0,6.0,6.0,5.0,12.2,13.0,15.2,18.1,18.0,18.9,16.5,14.3,12.6,9.7,8.5,7.8,178.0,277.1,244.3,244.6,214.0,195.4,248.2,160.1,139.7,167.4,196.4,232.9,10.2,12.1,15.7,18.8,19.0,18.5,15.9,13.2,10.4,6.7,5.0,4.8,10.6,12.9,16.2,18.8,19.8,19.4,17.0,14.3,11.6,8.2,6.6,6.3,12.0,13.8,15.9,17.4,19.0,19.5,18.7,17.1,15.5,12.9,11.5,10.6,0.0,0.0,0.0,0.0,0.0,0.0,0.0,0.0,0.0,0.0,0.0,0.0,3.0,3.1,2.7,2.8,2.1,2.5,2.3,1.8,1.9,2.0,2.5,2.2,0.0,0.0,0.0,0.0,0.0,0.0,0.0,0.0,0.0,0.0,0.0,0.0,0.0,0.0,0.0,0.0,0.0,0.0,0.0,0.0,0.0,0.0,0.0,0.0,33.4,31.6,21.9,16.5,25.2,20.6,24.3,27.3,35.4,36.1,36.0,34.9,2014 - 2018,Recent,Recent,Recent,Recent,False,False,False,False,83.83333333333333,1.3076111113333333,3.0166666666666666,0.37,20.0,0.7,2.0,0.25,1.4,0.7,True,True,True,True,True,True,False,True,False,True
93,Marlborough,0.0,0.0,0.0,0.0,0.0,0.0,2024,0.0,0.0,0.0,0.0,6.6,12.6,25.0,72.2,0.0,0.0,0.0,0.0,0.0,0.0,0.0,0.0,2.0,2.0,2.0,4.0,0.0,0.0,0.0,0.0,0.0,0.0,0.0,0.0,19.1,17.9,14.7,0.0,0.0,0.0,0.0,0.0,0.0,0.0,0.0,0.0,316.7,287.4,262.9,193.5,0.0,0.0,0.0,0.0,0.0,0.0,0.0,0.0,20.8,18.4,14.0,12.5,0.0,0.0,0.0,0.0,0.0,0.0,0.0,0.0,21.4,20.4,16.4,13.7,0.0,0.0,0.0,0.0,0.0,0.0,0.0,0.0,19.4,20.0,18.9,17.0,0.0,0.0,0.0,0.0,0.0,0.0,0.0,0.0,0.0,0.0,0.0,0.0,0.0,0.0,0.0,0.0,0.0,0.0,0.0,0.0,2.8,2.7,2.6,2.4,0.0,0.0,0.0,0.0,0.0,0.0,0.0,0.0,0.0,0.0,0.0,0.0,0.0,0.0,0.0,0.0,0.0,0.0,0.0,0.0,0.0,0.0,0.0,0.0,0.0,0.0,0.0,0.0,0.0,0.0,0.0,0.0,15.2,15.1,16.9,26.1,0.0,0.0,0.0,0.0,2014 - 2018,Recent,Recent,Recent,Recent,False,False,False,False,83.83333333333333,1.3076111113333333,3.0166666666666666,0.37,20.0,0.7,2.0,0.25,1.4,0.7,True,True,True,True,True,True,False,True,False,True
99,Canterbury,326300.0,36000.0,261900.0,36700.0,0.0,0.0,2019,42.4,63.8,35.0,44.2,15.4,46.4,25.2,59.0,50.8,19.4,70.2,46.2,7.0,10.0,4.0,7.0,3.0,6.0,6.0,14.0,8.0,4.0,7.0,5.0,9.2,11.0,16.2,15.8,19.5,17.4,16.9,11.0,10.9,6.0,7.9,7.7,0.0,0.0,0.0,0.0,0.0,0.0,0.0,0.0,0.0,0.0,0.0,0.0,7.4,10.3,13.2,14.4,15.3,14.8,14.5,11.2,8.9,6.0,6.1,5.8,0.0,0.0,0.0,0.0,0.0,0.0,0.0,0.0,0.0,0.0,0.0,0.0,0.0,0.0,0.0,0.0,0.0,0.0,0.0,0.0,0.0,0.0,0.0,0.0,0.0,0.0,0.0,0.0,0.0,0.0,0.0,0.0,0.0,0.0,0.0,0.0,2.7,3.0,3.0,2.9,3.0,2.6,1.8,1.8,2.3,1.7,2.0,2.4,0.0,0.0,0.0,0.0,0.0,0.0,0.0,0.0,0.0,0.0,0.0,0.0,0.0,0.0,0.0,0.0,0.0,0.0,0.0,0.0,0.0,0.0,0.0,0.0,0.0,0.0,0.0,0.0,0.0,0.0,0.0,0.0,0.0,0.0,0.0,0.0,2014 - 2018,Brown,Brown,Brown,Brown,False,False,False,False,134.0,0.8,6.7,0.52,50.0,0.6,2.5,0.25,1.4,0.7,True,True,True,True,True,True,False,True,False,True
100,Canterbury,372000.0,36800.0,227000.0,29400.0,3500.0,200.0,2020,92.8,47.0,76.8,60.0,3.4,22.8,55.4,8.8,91.6,55.4,18.0,17.6,11.0,5.0,9.0,7.0,1.0,4.0,7.0,3.0,6.0,11.0,6.0,6.0,10.1,12.6,13.8,15.8,18.0,19.2,14.0,12.8,9.4,7.5,6.6,9.0,0.0,0.0,0.0,0.0,0.0,0.0,0.0,0.0,0.0,0.0,0.0,0.0,7.7,10.6,12.9,13.5,16.2,17.1,13.6,11.1,8.4,6.6,5.7,6.6,0.0,0.0,0.0,0.0,0.0,0.0,0.0,0.0,0.0,0.0,0.0,0.0,0.0,0.0,0.0,0.0,0.0,0.0,0.0,0.0,0.0,0.0,0.0,0.0,0.0,0.0,0.0,0.0,0.0,0.0,0.0,0.0,0.0,0.0,0.0,0.0,3.5,2.8,2.3,2.7,2.4,2.3,2.1,2.1,1.5,1.6,1.6,2.2,0.0,0.0,0.0,0.0,0.0,0.0,0.0,0.0,0.0,0.0,0.0,0.0,0.0,0.0,0.0,0.0,0.0,0.0,0.0,0.0,0.0,0.0,0.0,0.0,0.0,0.0,0.0,0.0,0.0,0.0,0.0,0.0,0.0,0.0,0.0,0.0,2014 - 2018,Brown,Brown,Brown,Brown,False,False,False,False,134.0,0.8,6.7,0.52,50.0,0.6,2.5,0.25,1.4,0.7,True,True,True,True,True,True,False,True,False,True
101,Canterbury,342000.0,34900.0,212100.0,27400.0,0.0,0.0,2021,54.4,32.6,61.4,89.0,68.8,11.6,16.2,10.2,141.4,69.8,41.0,81.2,9.0,9.0,7.0,13.0,8.0,3.0,4.0,2.0,8.0,7.0,7.0,10.0,8.9,11.9,13.9,15.9,17.4,17.4,15.8,13.5,9.4,8.7,6.5,7.9,0.0,0.0,0.0,0.0,0.0,0.0,0.0,0.0,0.0,0.0,0.0,0.0,7.3,11.3,14.0,16.0,14.7,14.3,13.5,11.2,8.1,7.7,5.3,6.3,0.0,0.0,0.0,0.0,0.0,0.0,0.0,0.0,0.0,0.0,0.0,0.0,0.0,0.0,0.0,0.0,0.0,0.0,0.0,0.0,0.0,0.0,0.0,0.0,0.0,0.0,0.0,0.0,0.0,0.0,0.0,0.0,0.0,0.0,0.0,0.0,3.3,1.6,1.4,0.7,2.4,1.9,1.7,2.3,2.1,1.6,1.5,2.4,0.0,0.0,0.0,0.0,0.0,0.0,0.0,0.0,0.0,0.0,0.0,0.0,0.0,0.0,0.0,0.0,0.0,0.0,0.0,0.0,0.0,0.0,0.0,0.0,0.0,0.0,0.0,0.0,0.0,0.0,0.0,0.0,0.0,0.0,0.0,0.0,2014 - 2018,Brown,Brown,Brown,Brown,False,False,False,False,134.0,0.8,6.7,0.52,50.0,0.6,2.5,0.25,1.4,0.7,True,True,True,True,True,True,False,True,False,True
102,Canterbury,313400.0,33300.0,215300.0,28600.0,4800.0,400.0,2022,28.6,16.2,83.8,61.6,21.6,201.0,17.6,20.2,80.0,89.6,141.4,58.6,6.0,6.0,9.0,8.0,4.0,15.0,3.0,4.0,9.0,13.0,11.0,8.0,8.7,10.5,14.0,15.1,17.0,15.6,14.7,12.1,9.8,6.8,6.1,8.4,0.0,0.0,0.0,0.0,0.0,0.0,0.0,0.0,0.0,0.0,0.0,0.0,8.0,9.4,12.5,16.8,17.0,16.6,14.9,12.2,9.7,7.0,6.0,6.9,0.0,0.0,0.0,0.0,0.0,0.0,0.0,0.0,0.0,0.0,0.0,0.0,0.0,0.0,0.0,0.0,0.0,0.0,0.0,0.0,0.0,0.0,0.0,0.0,0.0,0.0,0.0,0.0,0.0,0.0,0.0,0.0,0.0,0.0,0.0,0.0,2.2,2.8,2.4,1.7,1.3,0.7,1.2,1.6,1.7,2.2,1.9,2.1,0.0,0.0,0.0,0.0,0.0,0.0,0.0,0.0,0.0,0.0,0.0,0.0,0.0,0.0,0.0,0.0,0.0,0.0,0.0,0.0,0.0,0.0,0.0,0.0,0.0,0.0,0.0,0.0,0.0,0.0,0.0,0.0,0.0,0.0,0.0,0.0,2014 - 2018,Brown,Brown,Brown,Brown,False,False,False,False,134.0,0.8,6.7,0.52,50.0,0.6,2.5,0.25,1.4,0.7,True,True,True,True,True,True,False,True,False,True
103,Canterbury,308300.0,31300.0,228700.0,30000.0,0.0,0.0,2023,81.6,62.6,38.2,32.6,89.8,67.6,70.8,36.2,20.0,40.2,92.2,31.8,9.0,11.0,6.0,6.0,5.0,8.0,10.0,7.0,6.0,8.0,9.0,6.0,10.5,10.9,12.4,16.0,17.0,16.4,13.7,11.7,10.2,6.2,5.8,6.0,0.0,0.0,0.0,0.0,0.0,0.0,0.0,0.0,0.0,0.0,0.0,0.0,8.8,9.9,12.1,15.3,18.7,17.7,14.8,12.6,10.3,7.2,6.0,5.6,0.0,0.0,0.0,0.0,0.0,0.0,0.0,0.0,0.0,0.0,0.0,0.0,0.0,0.0,0.0,0.0,0.0,0.0,0.0,0.0,0.0,0.0,0.0,0.0,0.0,0.0,0.0,0.0,0.0,0.0,0.0,0.0,0.0,0.0,0.0,0.0,3.2,3.0,2.2,2.2,1.6,2.3,2.3,1.5,1.7,1.3,2.4,2.0,0.0,0.0,0.0,0.0,0.0,0.0,0.0,0.0,0.0,0.0,0.0,0.0,0.0,0.0,0.0,0.0,0.0,0.0,0.0,0.0,0.0,0.0,0.0,0.0,0.0,0.0,0.0,0.0,0.0,0.0,0.0,0.0,0.0,0.0,0.0,0.0,2014 - 2018,Brown,Brown,Brown,Brown,False,False,False,False,134.0,0.8,6.7,0.52,50.0,0.6,2.5,0.25,1.4,0.7,True,True,True,True,True,True,False,True,False,True
106,Canterbury,0.0,0.0,0.0,0.0,0.0,0.0,2024,0.0,0.0,0.0,0.0,10.4,18.2,19.4,16.0,0.0,0.0,0.0,0.0,0.0,0.0,0.0,0.0,3.0,4.0,5.0,2.0,0.0,0.0,0.0,0.0,0.0,0.0,0.0,0.0,17.7,16.8,13.4,12.0,0.0,0.0,0.0,0.0,0.0,0.0,0.0,0.0,0.0,0.0,0.0,0.0,0.0,0.0,0.0,0.0,0.0,0.0,0.0,0.0,16.6,15.3,12.7,10.2,0.0,0.0,0.0,0.0,0.0,0.0,0.0,0.0,0.0,0.0,0.0,0.0,0.0,0.0,0.0,0.0,0.0,0.0,0.0,0.0,0.0,0.0,0.0,0.0,0.0,0.0,0.0,0.0,0.0,0.0,0.0,0.0,0.0,0.0,0.0,0.0,0.0,0.0,0.0,0.0,0.0,0.0,0.0,0.0,2.6,2.6,2.7,2.1,0.0,0.0,0.0,0.0,0.0,0.0,0.0,0.0,0.0,0.0,0.0,0.0,0.0,0.0,0.0,0.0,0.0,0.0,0.0,0.0,0.0,0.0,0.0,0.0,0.0,0.0,0.0,0.0,0.0,0.0,0.0,0.0,0.0,0.0,0.0,0.0,0.0,0.0,0.0,0.0,2014 - 2018,Brown,Brown,Brown,Brown,False,False,False,False,134.0,0.8,6.7,0.52,50.0,0.6,2.5,0.25,1.4,0.7,True,True,True,True,True,True,False,True,False,True
112,Southland,34300.0,4300.0,37300.0,5500.0,0.0,0.0,2019,12.6,27.4,30.8,47.4,0.0,0.0,0.0,0.0,37.0,10.6,20.4,16.0,3.0,7.0,6.0,9.0,0.0,0.0,0.0,0.0,6.0,4.0,3.0,4.0,8.7,10.3,15.4,14.9,0.0,0.0,0.0,0.0,8.2,3.8,4.8,6.4,223.2,211.2,232.5,199.1,0.0,0.0,0.0,0.0,123.7,118.9,113.3,194.1,6.9,10.0,16.5,16.8,0.0,0.0,0.0,0.0,5.5,2.0,2.0,2.7,7.1,10.6,16.5,17.1,0.0,0.0,0.0,0.0,6.7,3.2,3.0,3.7,8.6,11.7,15.8,17.8,0.0,0.0,0.0,0.0,10.5,6.7,5.3,5.9,6.7,7.8,9.8,9.3,0.0,0.0,0.0,0.0,7.6,5.9,6.3,5.8,1.9,2.3,2.5,2.5,0.0,0.0,0.0,0.0,1.4,1.3,1.1,1.8,9.0,12.6,17.7,19.0,0.0,0.0,0.0,0.0,8.6,5.0,4.3,5.4,68.7,74.5,65.2,61.6,0.0,0.0,0.0,0.0,87.0,90.7,92.2,76.7,16.9,15.9,14.7,15.1,0.0,0.0,0.0,0.0,18.2,19.3,19.3,19.1,2014 - 2018,Brown,Brown,Brown,Brown,False,False,False,False,126.0,0.774840899,6.5,0.24,20.0,0.6,2.5,0.1,1.4,0.7,True,True,True,True,True,True,NO_TARGET_MAX,True,NO_TARGET_MAX,True
113,Southland,43700.0,4500.0,30500.0,4400.0,0.0,0.0,2020,17.0,26.8,29.2,34.2,6.6,80.6,18.4,22.0,2.0,38.6,14.0,24.6,5.0,5.0,6.0,8.0,1.0,3.0,5.0,7.0,1.0,4.0,4.0,3.0,8.8,12.3,14.3,15.9,18.1,17.7,13.1,11.1,7.4,3.8,3.5,7.2,199.1,225.3,255.0,246.2,281.8,231.5,206.2,183.5,125.3,116.1,119.3,187.3,7.0,12.0,17.1,18.9,20.3,18.1,12.8,8.4,4.9,0.8,1.2,3.8,7.2,12.2,17.3,18.7,21.2,19.5,15.5,10.2,6.3,2.3,2.2,4.6,8.8,12.2,17.3,19.0,20.3,21.1,19.0,14.6,10.3,6.6,4.8,6.3,6.9,8.2,9.4,9.5,11.5,12.2,9.5,8.5,7.3,5.7,5.8,6.5,2.1,2.4,2.4,2.5,2.8,2.5,1.8,1.5,1.3,1.3,1.2,1.5,9.0,13.5,19.1,20.6,22.7,21.8,18.6,13.5,8.6,4.6,3.6,6.1,71.1,69.1,67.2,60.4,68.0,75.1,83.1,84.4,88.1,89.3,88.5,82.5,18.2,16.8,16.0,16.1,14.4,17.1,15.4,14.4,14.6,14.5,18.4,17.8,2014 - 2018,Brown,Brown,Brown,Brown,False,False,False,False,126.0,0.774840899,6.5,0.24,20.0,0.6,2.5,0.1,1.4,0.7,True,True,True,True,True,True,NO_TARGET_MAX,True,NO_TARGET_MAX,True
114,Southland,34900.0,3700.0,0.0,0.0,0.0,0.0,2021,35.4,30.6,40.2,42.2,122.2,9.4,6.8,11.2,27.0,28.0,27.4,21.4,4.0,5.0,7.0,9.0,8.0,2.0,1.0,4.0,6.0,7.0,4.0,4.0,9.3,12.6,15.0,16.6,16.7,17.9,15.2,11.8,7.1,5.9,4.4,7.1,224.8,219.3,237.4,206.1,246.9,238.3,0.0,188.5,174.9,90.9,143.1,166.7,7.0,11.8,16.9,18.5,18.7,18.7,13.2,8.8,3.3,3.9,1.3,3.4,6.9,12.0,16.5,18.4,18.5,20.2,16.4,10.9,5.1,4.9,2.5,4.2,9.0,12.5,17.2,19.0,19.8,21.2,19.9,16.6,10.9,8.2,5.5,6.5,7.0,9.5,10.1,10.9,11.5,0.0,10.1,8.7,7.1,7.3,6.0,6.9,2.0,1.9,2.3,2.4,2.5,2.2,1.9,1.7,1.4,1.1,1.2,1.6,9.1,13.8,18.7,20.7,20.5,22.6,20.1,15.3,8.4,6.6,4.0,6.1,71.0,77.7,68.9,66.0,67.8,0.0,78.6,79.3,89.0,90.2,91.3,85.4,16.2,15.9,15.4,15.4,19.0,16.0,13.1,12.7,13.5,15.7,16.8,16.8,2014 - 2018,Brown,Brown,Brown,Brown,False,False,False,False,126.0,0.774840899,6.5,0.24,20.0,0.6,2.5,0.1,1.4,0.7,True,True,True,True,True,True,NO_TARGET_MAX,True,NO_TARGET_MAX,True
115,Southland,53400.0,5100.0,45800.0,6000.0,0.0,0.0,2022,10.0,46.4,45.4,15.8,11.8,74.2,6.8,16.2,18.2,23.6,67.8,41.2,4.0,7.0,7.0,7.0,3.0,8.0,2.0,4.0,5.0,6.0,10.0,6.0,9.4,11.3,15.4,17.1,18.7,16.8,16.6,11.0,8.9,4.2,3.7,6.7,0.0,247.7,216.5,235.7,288.2,211.2,248.8,198.8,167.0,103.8,112.5,195.1,7.2,9.6,14.5,18.0,21.3,16.4,14.7,8.9,5.1,1.0,1.3,3.5,7.9,11.5,16.1,19.3,22.2,18.2,17.9,11.2,6.8,2.5,2.3,4.3,0.0,0.0,0.0,0.0,22.3,20.9,20.0,16.3,11.5,6.7,4.8,6.2,7.8,8.3,10.7,11.4,12.0,12.3,11.1,8.7,7.7,6.0,6.1,6.9,1.5,2.0,2.2,2.3,2.4,2.1,1.7,1.5,1.3,1.3,1.1,1.3,9.3,13.2,17.9,20.7,24.7,21.1,20.6,14.8,9.6,4.5,3.6,5.8,80.9,75.9,70.3,69.1,65.3,80.2,82.7,86.7,86.3,89.6,95.9,87.8,16.1,15.7,16.6,14.8,14.3,16.4,14.6,14.0,14.3,15.4,17.3,17.8,2014 - 2018,Brown,Brown,Brown,Brown,False,False,False,False,126.0,0.774840899,6.5,0.24,20.0,0.6,2.5,0.1,1.4,0.7,True,True,True,True,True,True,NO_TARGET_MAX,True,NO_TARGET_MAX,True
116,Southland,40400.0,4500.0,0.0,0.0,0.0,0.0,2023,54.2,26.6,30.6,20.2,31.4,39.0,28.8,25.4,56.8,16.2,16.8,15.4,4.0,7.0,6.0,4.0,4.0,5.0,5.0,6.0,10.0,5.0,7.0,3.0,10.4,12.0,14.0,17.9,19.6,18.6,14.4,11.4,8.5,3.2,5.6,5.9,226.4,256.8,227.3,267.3,305.4,245.0,223.5,209.6,121.0,87.0,153.0,185.7,7.6,10.0,14.7,20.1,20.7,17.9,12.8,8.3,6.1,2.5,2.6,2.6,8.8,11.6,16.3,22.0,23.1,20.9,15.9,10.5,7.5,3.5,3.6,4.0,0.0,0.0,0.0,0.0,0.0,0.0,0.0,0.0,0.0,0.0,0.0,0.0,7.5,8.0,9.9,10.8,12.7,12.5,10.5,9.2,8.4,6.2,6.1,5.9,2.2,2.3,2.1,2.7,2.1,2.0,1.7,1.4,1.2,1.1,1.6,1.3,9.9,12.6,17.3,22.6,25.0,24.1,19.2,13.8,9.8,5.3,5.1,5.4,72.3,68.5,71.8,61.5,68.1,72.8,85.8,88.4,94.1,95.4,83.8,86.3,16.4,15.9,15.1,14.6,14.8,14.8,15.2,15.0,17.0,17.2,17.2,17.1,2014 - 2018,Brown,Brown,Brown,Brown,False,False,False,False,126.0,0.774840899,6.5,0.24,20.0,0.6,2.5,0.1,1.4,0.7,True,True,True,True,True,True,NO_TARGET_MAX,True,NO_TARGET_MAX,True
117,Southland,0.0,0.0,0.0,0.0,0.0,0.0,2024,0.0,0.0,0.0,0.0,21.2,15.8,18.6,27.4,0.0,0.0,0.0,0.0,0.0,0.0,0.0,0.0,5.0,3.0,5.0,3.0,0.0,0.0,0.0,0.0,0.0,0.0,0.0,0.0,18.4,17.2,13.7,12.0,0.0,0.0,0.0,0.0,0.0,0.0,0.0,0.0,253.8,253.1,220.3,178.0,0.0,0.0,0.0,0.0,0.0,0.0,0.0,0.0,19.8,18.5,13.7,9.2,0.0,0.0,0.0,0.0,0.0,0.0,0.0,0.0,22.1,21.0,16.9,11.3,0.0,0.0,0.0,0.0,0.0,0.0,0.0,0.0,0.0,0.0,0.0,0.0,0.0,0.0,0.0,0.0,0.0,0.0,0.0,0.0,11.5,11.1,9.2,9.1,0.0,0.0,0.0,0.0,0.0,0.0,0.0,0.0,2.5,2.6,2.1,1.5,0.0,0.0,0.0,0.0,0.0,0.0,0.0,0.0,23.7,22.7,19.7,14.4,0.0,0.0,0.0,0.0,0.0,0.0,0.0,0.0,65.1,72.6,79.7,83.5,0.0,0.0,0.0,0.0,0.0,0.0,0.0,0.0,14.9,14.8,14.1,14.9,0.0,0.0,0.0,0.0,2014 - 2018,Brown,Brown,Brown,Brown,False,False,False,False,126.0,0.774840899,6.5,0.24,20.0,0.6,2.5,0.1,1.4,0.7,True,True,True,True,True,True,NO_TARGET_MAX,True,NO_TARGET_MAX,True
